Invoice_id,Branch,City,Customer_type,Gender,Product_line,Unit_price,Quantity,Date,Payment,Rating
750-67-8428,Alex,Yangon,Member,Female,Health and beauty,74.69,7,1/5/2019,Ewallet,9.1
226-31-3081,Giza,Naypyitaw,Normal,Female,Electronic accessories,15.28,5,3/8/2019,Cash,9.6
631-41-3108,Alex,Yangon,Normal,Female,Home and lifestyle,46.33,7,3/3/2019,Credit card,7.4
123-19-1176,Alex,Yangon,Member,Female,Health and beauty,58.22,8,1/27/2019,Ewallet,8.4
373-73-7910,Alex,Yangon,Member,Female,Sports and travel,86.31,7,2/8/2019,Ewallet,5.3
699-14-3026,Giza,Naypyitaw,Member,Female,Electronic accessories,85.39,7,3/25/2019,Ewallet,4.1
355-53-5943,Alex,Yangon,Member,Female,Electronic accessories,68.84,6,2/25/2019,Ewallet,5.8
315-22-5665,Giza,Naypyitaw,Member,Female,Home and lifestyle,73.56,10,2/24/2019,Ewallet,8
665-32-9167,Alex,Yangon,Member,Female,Health and beauty,36.26,2,1/10/2019,Credit card,7.2
692-92-5582,Cairo,Mandalay,Member,Female,Food and beverages,54.84,3,2/20/2019,Credit card,5.9
351-62-0822,Cairo,Mandalay,Member,Female,Fashion accessories,14.48,4,2/6/2019,Ewallet,4.5
529-56-3974,Cairo,Mandalay,Member,Female,Electronic accessories,25.51,4,3/9/2019,Cash,6.8
365-64-0515,Alex,Yangon,Member,Female,Electronic accessories,46.95,5,2/12/2019,Ewallet,7.1
252-56-2699,Alex,Yangon,Member,Female,Food and beverages,43.19,10,2/7/2019,Ewallet,8.2
829-34-3910,Alex,Yangon,Member,Female,Health and beauty,71.38,10,3/29/2019,Cash,5.7
299-46-1805,Cairo,Mandalay,Member,Female,Sports and travel,93.72,6,1/15/2019,Cash,4.5
656-95-9349,Alex,Yangon,Member,Female,Health and beauty,68.93,7,3/11/2019,Credit card,4.6
765-26-6951,Alex,Yangon,Member,Female,Sports and travel,72.61,6,1/1/2019,Credit card,6.9
329-62-1586,Alex,Yangon,Member,Female,Food and beverages,54.67,3,1/21/2019,Credit card,8.6
319-50-3348,Cairo,Mandalay,Member,Female,Home and lifestyle,40.3,2,3/11/2019,Ewallet,4.4
300-71-4605,Giza,Naypyitaw,Member,Female,Electronic accessories,86.04,5,2/25/2019,Ewallet,4.8
371-85-5789,Cairo,Mandalay,Member,Female,Health and beauty,87.98,3,3/5/2019,Ewallet,5.1
273-16-6619,Cairo,Mandalay,Member,Female,Home and lifestyle,33.2,2,3/15/2019,Credit card,4.4
636-48-8204,Alex,Yangon,Member,Female,Electronic accessories,34.56,5,2/17/2019,Ewallet,9.9
549-59-1358,Alex,Yangon,Member,Female,Sports and travel,88.63,3,3/2/2019,Ewallet,6
227-03-5010,Alex,Yangon,Member,Female,Home and lifestyle,52.59,8,3/22/2019,Credit card,8.5
649-29-6775,Cairo,Mandalay,Member,Female,Fashion accessories,33.52,1,2/8/2019,Cash,6.7
189-17-4241,Alex,Yangon,Member,Female,Fashion accessories,87.67,2,3/10/2019,Credit card,7.7
145-94-9061,Cairo,Mandalay,Member,Female,Food and beverages,88.36,5,1/25/2019,Cash,9.6
848-62-7243,Alex,Yangon,Member,Female,Health and beauty,24.89,9,3/15/2019,Cash,7.4
871-79-8483,Cairo,Mandalay,Member,Female,Fashion accessories,94.13,5,2/25/2019,Credit card,4.8
149-71-6266,Cairo,Mandalay,Member,Female,Sports and travel,78.07,9,1/28/2019,Cash,4.5
640-49-2076,Cairo,Mandalay,Member,Female,Sports and travel,83.78,8,1/10/2019,Cash,5.1
595-11-5460,Alex,Yangon,Member,Female,Health and beauty,96.58,2,3/15/2019,Credit card,5.1
183-56-6882,Giza,Naypyitaw,Member,Female,Food and beverages,99.42,4,2/6/2019,Ewallet,7.5
232-16-2483,Giza,Naypyitaw,Member,Female,Sports and travel,68.12,1,1/7/2019,Ewallet,6.8
129-29-8530,Alex,Yangon,Member,Female,Sports and travel,62.62,5,3/10/2019,Ewallet,7
272-65-1806,Alex,Yangon,Member,Female,Electronic accessories,60.88,9,1/15/2019,Ewallet,4.7
333-73-7901,Giza,Naypyitaw,Member,Female,Health and beauty,54.92,8,3/23/2019,Ewallet,7.6
777-82-7220,Cairo,Mandalay,Member,Female,Home and lifestyle,30.12,8,3/3/2019,Cash,7.7
280-35-5823,Cairo,Mandalay,Member,Female,Home and lifestyle,86.72,1,1/17/2019,Ewallet,7.9
554-53-8700,Giza,Naypyitaw,Member,Female,Home and lifestyle,56.11,2,2/2/2019,Cash,6.3
354-25-5821,Cairo,Mandalay,Member,Female,Sports and travel,69.12,6,2/8/2019,Cash,5.6
228-96-1411,Giza,Naypyitaw,Member,Female,Food and beverages,98.7,8,3/4/2019,Cash,7.6
617-15-4209,Giza,Naypyitaw,Member,Female,Health and beauty,15.37,2,3/16/2019,Cash,7.2
132-32-9879,Cairo,Mandalay,Member,Female,Electronic accessories,93.96,4,3/9/2019,Cash,9.5
370-41-7321,Cairo,Mandalay,Member,Female,Health and beauty,56.69,9,2/27/2019,Credit card,8.4
727-46-3608,Cairo,Mandalay,Member,Female,Food and beverages,20.01,9,2/6/2019,Ewallet,4.1
669-54-1719,Cairo,Mandalay,Member,Female,Electronic accessories,18.93,6,2/10/2019,Credit card,8.1
574-22-5561,Giza,Naypyitaw,Member,Female,Fashion accessories,82.63,10,3/19/2019,Ewallet,7.9
326-78-5178,Giza,Naypyitaw,Member,Female,Food and beverages,91.4,7,2/3/2019,Cash,9.5
162-48-8011,Alex,Yangon,Member,Female,Food and beverages,44.59,5,2/10/2019,Cash,8.5
616-24-2851,Cairo,Mandalay,Member,Female,Fashion accessories,17.87,4,3/22/2019,Ewallet,6.5
778-71-5554,Giza,Naypyitaw,Member,Female,Fashion accessories,15.43,1,1/25/2019,Credit card,6.1
242-55-6721,Cairo,Mandalay,Member,Female,Home and lifestyle,16.16,2,3/7/2019,Ewallet,6.5
399-46-5918,Giza,Naypyitaw,Member,Female,Electronic accessories,85.98,8,2/28/2019,Cash,8.2
106-35-6779,Alex,Yangon,Member,Female,Home and lifestyle,44.34,2,3/27/2019,Cash,5.8
635-40-6220,Alex,Yangon,Member,Female,Health and beauty,89.6,8,2/7/2019,Ewallet,6.6
817-48-8732,Alex,Yangon,Member,Female,Home and lifestyle,72.35,10,1/20/2019,Cash,5.4
120-06-4233,Giza,Naypyitaw,Member,Female,Electronic accessories,30.61,6,3/12/2019,Cash,9.3
285-68-5083,Giza,Naypyitaw,Member,Female,Sports and travel,24.74,3,2/15/2019,Credit card,10
803-83-5989,Giza,Naypyitaw,Member,Female,Home and lifestyle,55.73,6,2/24/2019,Ewallet,7
347-34-2234,Cairo,Mandalay,Member,Female,Sports and travel,55.07,9,2/3/2019,Ewallet,10
199-75-8169,Alex,Yangon,Member,Female,Sports and travel,15.81,10,3/6/2019,Credit card,8.6
853-23-2453,Cairo,Mandalay,Member,Female,Health and beauty,75.74,4,2/14/2019,Cash,7.6
877-22-3308,Alex,Yangon,Member,Female,Health and beauty,15.87,10,3/13/2019,Cash,5.8
838-78-4295,Giza,Naypyitaw,Member,Female,Health and beauty,33.47,2,2/10/2019,Ewallet,6.7
109-28-2512,Cairo,Mandalay,Member,Female,Fashion accessories,97.61,6,1/7/2019,Ewallet,9.9
232-11-3025,Alex,Yangon,Member,Female,Sports and travel,78.77,10,1/24/2019,Cash,6.4
382-03-4532,Alex,Yangon,Member,Female,Health and beauty,18.33,1,2/2/2019,Cash,4.3
393-65-2792,Giza,Naypyitaw,Member,Female,Food and beverages,89.48,10,1/6/2019,Credit card,9.6
796-12-2025,Giza,Naypyitaw,Member,Female,Fashion accessories,62.12,10,2/11/2019,Cash,5.9
510-95-6347,Cairo,Mandalay,Member,Female,Food and beverages,48.52,3,3/5/2019,Ewallet,4
841-35-6630,Giza,Naypyitaw,Member,Female,Electronic accessories,75.91,6,3/9/2019,Cash,8.7
287-21-9091,Alex,Yangon,Member,Female,Home and lifestyle,74.67,9,1/22/2019,Ewallet,9.4
732-94-0499,Giza,Naypyitaw,Member,Female,Electronic accessories,41.65,10,1/13/2019,Credit card,5.4
263-10-3913,Giza,Naypyitaw,Member,Female,Fashion accessories,49.04,9,1/9/2019,Credit card,8.6
381-20-0914,Alex,Yangon,Member,Female,Fashion accessories,20.01,9,1/12/2019,Credit card,5.7
829-49-1914,Giza,Naypyitaw,Member,Female,Food and beverages,78.31,10,3/5/2019,Ewallet,6.6
756-01-7507,Giza,Naypyitaw,Member,Female,Health and beauty,20.38,5,1/22/2019,Cash,6
870-72-4431,Giza,Naypyitaw,Member,Female,Health and beauty,99.19,6,1/21/2019,Credit card,5.5
847-38-7188,Cairo,Mandalay,Member,Female,Food and beverages,96.68,3,1/26/2019,Ewallet,6.4
480-63-2856,Giza,Naypyitaw,Member,Female,Food and beverages,19.25,8,1/23/2019,Ewallet,6.6
787-56-0757,Giza,Naypyitaw,Member,Female,Food and beverages,80.36,4,2/23/2019,Credit card,8.3
360-39-5055,Giza,Naypyitaw,Member,Female,Sports and travel,48.91,5,3/9/2019,Cash,6.6
730-50-9884,Giza,Naypyitaw,Member,Female,Sports and travel,83.06,7,3/5/2019,Ewallet,4
362-58-8315,Giza,Naypyitaw,Member,Female,Fashion accessories,76.52,5,3/25/2019,Cash,9.9
633-44-8566,Alex,Yangon,Member,Female,Food and beverages,49.38,7,3/27/2019,Credit card,7.3
504-35-8843,Alex,Yangon,Member,Female,Sports and travel,42.47,1,1/2/2019,Cash,5.7
318-68-5053,Cairo,Mandalay,Member,Female,Health and beauty,76.99,6,2/27/2019,Cash,6.1
565-80-5980,Giza,Naypyitaw,Member,Female,Home and lifestyle,47.38,4,1/23/2019,Cash,7.1
225-32-0908,Giza,Naypyitaw,Member,Female,Sports and travel,44.86,10,1/26/2019,Ewallet,8.2
873-51-0671,Alex,Yangon,Member,Female,Sports and travel,21.98,7,1/10/2019,Ewallet,5.1
152-08-9985,Cairo,Mandalay,Member,Female,Health and beauty,64.36,9,3/12/2019,Credit card,8.6
512-91-0811,Giza,Naypyitaw,Member,Female,Health and beauty,89.75,1,2/6/2019,Credit card,6.6
594-34-4444,Alex,Yangon,Member,Female,Electronic accessories,97.16,1,3/8/2019,Ewallet,7.2
766-85-7061,Cairo,Mandalay,Member,Female,Health and beauty,87.87,10,3/29/2019,Ewallet,5.1
871-39-9221,Giza,Naypyitaw,Member,Female,Electronic accessories,12.45,6,2/9/2019,Cash,4.1
865-92-6136,Alex,Yangon,Member,Female,Food and beverages,52.75,3,3/23/2019,Ewallet,9.3
733-01-9107,Cairo,Mandalay,Member,Female,Home and lifestyle,82.7,6,3/5/2019,Cash,7.4
163-56-7055,Giza,Naypyitaw,Member,Female,Fashion accessories,48.71,1,3/26/2019,Cash,4.1
189-98-2939,Giza,Naypyitaw,Member,Female,Fashion accessories,78.55,9,3/1/2019,Cash,7.2
551-21-3069,Giza,Naypyitaw,Member,Female,Electronic accessories,23.07,9,2/1/2019,Cash,4.9
212-62-1842,Alex,Yangon,Member,Female,Food and beverages,58.26,6,3/28/2019,Cash,9.9
716-39-1409,Cairo,Mandalay,Member,Female,Health and beauty,30.35,7,3/19/2019,Cash,8
704-48-3927,Alex,Yangon,Member,Female,Electronic accessories,88.67,10,1/12/2019,Ewallet,7.3
628-34-3388,Giza,Naypyitaw,Member,Female,Fashion accessories,27.38,6,1/5/2019,Credit card,7.9
630-74-5166,Alex,Yangon,Member,Female,Sports and travel,62.13,6,3/22/2019,Cash,7.4
588-01-7461,Giza,Naypyitaw,Member,Female,Food and beverages,33.98,9,3/24/2019,Cash,4.2
861-77-0145,Giza,Naypyitaw,Member,Female,Electronic accessories,81.97,10,3/3/2019,Cash,9.2
479-26-8945,Cairo,Mandalay,Member,Female,Sports and travel,16.49,2,2/5/2019,Ewallet,4.6
210-67-5886,Giza,Naypyitaw,Member,Female,Health and beauty,98.21,3,2/5/2019,Credit card,7.8
227-78-1148,Cairo,Mandalay,Member,Female,Fashion accessories,72.84,7,2/15/2019,Cash,8.4
645-44-1170,Alex,Yangon,Member,Female,Home and lifestyle,58.07,9,1/19/2019,Ewallet,4.3
237-01-6122,Giza,Naypyitaw,Member,Female,Home and lifestyle,80.79,9,2/1/2019,Credit card,9.5
225-98-1496,Giza,Naypyitaw,Member,Female,Fashion accessories,27.02,3,3/2/2019,Credit card,7.1
291-32-1427,Cairo,Mandalay,Member,Female,Fashion accessories,21.94,5,3/5/2019,Ewallet,5.3
659-65-8956,Cairo,Mandalay,Member,Female,Fashion accessories,51.36,1,1/16/2019,Ewallet,5.2
642-32-2990,Alex,Yangon,Member,Female,Food and beverages,10.96,10,2/2/2019,Ewallet,6
378-24-2715,Cairo,Mandalay,Member,Female,Home and lifestyle,53.44,2,1/20/2019,Ewallet,4.1
638-60-7125,Alex,Yangon,Member,Female,Electronic accessories,99.56,8,2/14/2019,Credit card,5.2
659-36-1684,Giza,Naypyitaw,Member,Female,Sports and travel,57.12,7,1/12/2019,Credit card,6.5
219-22-9386,Cairo,Mandalay,Member,Female,Sports and travel,99.96,9,3/9/2019,Credit card,4.2
336-78-2147,Giza,Naypyitaw,Member,Female,Home and lifestyle,63.91,8,3/13/2019,Credit card,4.6
268-27-6179,Cairo,Mandalay,Member,Female,Fashion accessories,56.47,8,3/9/2019,Ewallet,7.3
668-90-8900,Alex,Yangon,Member,Female,Home and lifestyle,93.69,7,3/10/2019,Credit card,4.5
870-54-3162,Alex,Yangon,Member,Female,Sports and travel,32.25,5,1/27/2019,Cash,9
189-08-9157,Giza,Naypyitaw,Member,Female,Fashion accessories,31.73,9,1/8/2019,Credit card,5.9
663-86-9076,Giza,Naypyitaw,Member,Female,Food and beverages,68.54,8,1/8/2019,Ewallet,8.5
549-84-7482,Cairo,Mandalay,Member,Female,Sports and travel,90.28,9,2/8/2019,Ewallet,7.2
191-10-6171,Cairo,Mandalay,Normal,Female,Fashion accessories,39.62,7,1/25/2019,Cash,7.5
802-70-5316,Alex,Yangon,Member,Female,Sports and travel,92.13,6,3/6/2019,Cash,8.3
695-51-0018,Cairo,Mandalay,Normal,Female,Sports and travel,34.84,4,2/10/2019,Cash,7.4
590-83-4591,Cairo,Mandalay,Member,Female,Electronic accessories,87.45,6,2/17/2019,Credit card,8.8
483-71-1164,Giza,Naypyitaw,Normal,Female,Health and beauty,81.3,6,3/8/2019,Ewallet,5.3
597-78-7908,Giza,Naypyitaw,Normal,Female,Fashion accessories,90.22,3,2/18/2019,Cash,6.2
700-81-1757,Alex,Yangon,Normal,Female,Electronic accessories,26.31,5,1/18/2019,Credit card,8.8
354-39-5160,Alex,Yangon,Member,Female,Home and lifestyle,34.42,6,2/18/2019,Cash,9.8
241-72-9525,Cairo,Mandalay,Normal,Female,Sports and travel,51.91,10,2/16/2019,Cash,8.2
575-30-8091,Alex,Yangon,Normal,Female,Sports and travel,72.5,8,3/16/2019,Ewallet,9.2
731-81-9469,Giza,Naypyitaw,Member,Female,Sports and travel,89.8,10,1/23/2019,Credit card,5.4
280-17-4359,Giza,Naypyitaw,Member,Male,Health and beauty,90.5,10,1/25/2019,Cash,8.1
338-65-2210,Giza,Naypyitaw,Member,Female,Health and beauty,68.6,10,2/5/2019,Cash,9.1
488-25-4221,Giza,Naypyitaw,Member,Female,Food and beverages,30.41,1,2/22/2019,Credit card,8.4
239-10-7476,Alex,Yangon,Normal,Female,Home and lifestyle,77.95,6,1/21/2019,Ewallet,8
458-41-1477,Giza,Naypyitaw,Normal,Female,Health and beauty,46.26,6,3/8/2019,Credit card,9.5
685-64-1609,Alex,Yangon,Member,Female,Fashion accessories,30.14,10,2/10/2019,Ewallet,9.2
568-90-5112,Giza,Naypyitaw,Normal,Male,Health and beauty,66.14,4,3/19/2019,Credit card,5.6
262-47-2794,Cairo,Mandalay,Member,Male,Home and lifestyle,71.86,8,3/6/2019,Credit card,6.2
238-49-0436,Alex,Yangon,Normal,Male,Health and beauty,32.46,8,3/27/2019,Credit card,4.9
608-96-3517,Cairo,Mandalay,Member,Female,Fashion accessories,91.54,4,3/23/2019,Credit card,4.8
584-86-7256,Giza,Naypyitaw,Member,Male,Sports and travel,34.56,7,3/11/2019,Credit card,7.3
746-94-0204,Alex,Yangon,Normal,Male,Fashion accessories,83.24,9,1/29/2019,Credit card,7.4
214-17-6927,Giza,Naypyitaw,Normal,Female,Food and beverages,16.48,6,2/7/2019,Ewallet,9.9
400-89-4171,Giza,Naypyitaw,Normal,Female,Sports and travel,80.97,8,1/28/2019,Cash,9.3
782-95-9291,Alex,Yangon,Member,Male,Food and beverages,92.29,5,2/20/2019,Credit card,9
279-74-2924,Cairo,Mandalay,Member,Male,Electronic accessories,72.17,1,1/4/2019,Cash,6.1
307-85-2293,Cairo,Mandalay,Normal,Male,Home and lifestyle,50.28,5,3/7/2019,Ewallet,9.7
743-04-1105,Cairo,Mandalay,Member,Male,Health and beauty,97.22,9,3/30/2019,Ewallet,6
423-57-2993,Cairo,Mandalay,Normal,Male,Sports and travel,93.39,6,3/27/2019,Ewallet,10
894-41-5205,Giza,Naypyitaw,Normal,Female,Food and beverages,43.18,8,1/19/2019,Credit card,8.3
275-28-0149,Alex,Yangon,Normal,Male,Sports and travel,63.69,1,2/25/2019,Cash,6
101-17-6199,Alex,Yangon,Normal,Male,Food and beverages,45.79,7,3/13/2019,Credit card,7
423-80-0988,Giza,Naypyitaw,Normal,Male,Sports and travel,76.4,2,1/30/2019,Ewallet,6.5
548-46-9322,Cairo,Mandalay,Normal,Male,Food and beverages,39.9,10,2/20/2019,Credit card,5.9
505-02-0892,Cairo,Mandalay,Member,Male,Health and beauty,42.57,8,2/25/2019,Ewallet,5.6
234-65-2137,Giza,Naypyitaw,Normal,Male,Home and lifestyle,95.58,10,1/16/2019,Cash,4.8
687-47-8271,Alex,Yangon,Normal,Male,Fashion accessories,98.98,10,2/8/2019,Credit card,8.7
796-32-9050,Alex,Yangon,Normal,Male,Food and beverages,51.28,6,1/19/2019,Cash,6.5
105-31-1824,Alex,Yangon,Member,Male,Sports and travel,69.52,7,2/1/2019,Credit card,8.5
249-42-3782,Alex,Yangon,Normal,Male,Health and beauty,70.01,5,1/3/2019,Ewallet,5.5
316-55-4634,Cairo,Mandalay,Member,Male,Food and beverages,80.05,5,1/26/2019,Credit card,9.4
733-33-4967,Giza,Naypyitaw,Normal,Male,Electronic accessories,20.85,8,3/3/2019,Cash,6.3
608-27-6295,Cairo,Mandalay,Member,Male,Electronic accessories,52.89,6,1/19/2019,Credit card,9.8
414-12-7047,Cairo,Mandalay,Normal,Male,Food and beverages,19.79,8,1/18/2019,Ewallet,8.7
827-26-2100,Alex,Yangon,Member,Male,Home and lifestyle,33.84,9,3/21/2019,Ewallet,8.8
175-54-2529,Alex,Yangon,Member,Male,Food and beverages,22.17,8,3/3/2019,Credit card,9.6
139-52-2867,Giza,Naypyitaw,Normal,Female,Fashion accessories,22.51,7,2/13/2019,Credit card,4.8
407-63-8975,Alex,Yangon,Normal,Male,Food and beverages,73.88,6,3/23/2019,Ewallet,4.4
342-65-4817,Giza,Naypyitaw,Member,Male,Health and beauty,86.8,3,1/28/2019,Ewallet,9.9
130-98-8941,Giza,Naypyitaw,Normal,Male,Fashion accessories,64.26,7,2/9/2019,Cash,5.7
434-83-9547,Giza,Naypyitaw,Member,Male,Food and beverages,38.47,8,1/23/2019,Cash,7.7
851-28-6367,Alex,Yangon,Member,Male,Sports and travel,15.5,10,3/23/2019,Ewallet,8
824-88-3614,Giza,Naypyitaw,Normal,Male,Health and beauty,34.31,8,1/25/2019,Ewallet,5.7
586-25-0848,Alex,Yangon,Normal,Female,Sports and travel,12.34,7,3/4/2019,Credit card,6.7
895-66-0685,Cairo,Mandalay,Member,Male,Food and beverages,18.08,3,3/5/2019,Ewallet,8
305-14-0245,Cairo,Mandalay,Member,Female,Home and lifestyle,94.49,8,3/3/2019,Ewallet,7.5
732-04-5373,Cairo,Mandalay,Member,Male,Home and lifestyle,46.47,4,2/8/2019,Cash,7
400-60-7251,Alex,Yangon,Normal,Male,Home and lifestyle,74.07,1,2/10/2019,Ewallet,9.9
593-65-1552,Giza,Naypyitaw,Normal,Female,Home and lifestyle,69.81,4,1/28/2019,Credit card,5.9
284-34-9626,Cairo,Mandalay,Normal,Female,Home and lifestyle,77.04,3,2/11/2019,Credit card,7.2
437-58-8131,Cairo,Mandalay,Normal,Female,Fashion accessories,73.52,2,1/15/2019,Ewallet,4.6
286-43-6208,Giza,Naypyitaw,Normal,Female,Food and beverages,87.8,9,3/16/2019,Cash,9.2
641-43-2399,Cairo,Mandalay,Normal,Male,Home and lifestyle,25.55,4,1/26/2019,Ewallet,5.7
831-07-6050,Alex,Yangon,Normal,Male,Electronic accessories,32.71,5,3/19/2019,Credit card,9.9
556-86-3144,Giza,Naypyitaw,Member,Female,Fashion accessories,74.29,1,1/13/2019,Cash,5
848-24-9445,Giza,Naypyitaw,Member,Male,Health and beauty,43.7,2,3/26/2019,Cash,4.9
856-22-8149,Alex,Yangon,Normal,Female,Home and lifestyle,25.29,1,3/23/2019,Ewallet,6.1
699-01-4164,Giza,Naypyitaw,Normal,Male,Health and beauty,41.5,4,3/12/2019,Credit card,8.2
420-11-4919,Giza,Naypyitaw,Member,Female,Food and beverages,71.39,5,2/17/2019,Credit card,5.5
606-80-4905,Giza,Naypyitaw,Member,Female,Sports and travel,19.15,6,1/29/2019,Credit card,6.8
542-41-0513,Cairo,Mandalay,Member,Female,Electronic accessories,57.49,4,3/15/2019,Cash,6.6
426-39-2418,Giza,Naypyitaw,Normal,Male,Electronic accessories,61.41,7,1/14/2019,Cash,9.8
875-46-5808,Cairo,Mandalay,Member,Male,Health and beauty,25.9,10,2/6/2019,Ewallet,8.7
394-43-4238,Cairo,Mandalay,Member,Male,Home and lifestyle,17.77,5,2/15/2019,Credit card,5.4
749-24-1565,Alex,Yangon,Normal,Female,Health and beauty,23.03,9,1/3/2019,Ewallet,7.9
672-51-8681,Giza,Naypyitaw,Member,Female,Electronic accessories,66.65,9,1/4/2019,Credit card,9.7
263-87-5680,Giza,Naypyitaw,Member,Female,Home and lifestyle,28.53,10,3/18/2019,Ewallet,7.8
573-58-9734,Cairo,Mandalay,Normal,Female,Fashion accessories,30.37,3,3/28/2019,Ewallet,5.1
817-69-8206,Cairo,Mandalay,Normal,Female,Electronic accessories,99.73,9,3/2/2019,Credit card,6.5
888-02-0338,Alex,Yangon,Normal,Male,Electronic accessories,26.23,9,1/25/2019,Ewallet,5.9
677-11-0152,Giza,Naypyitaw,Normal,Female,Food and beverages,93.26,9,1/16/2019,Cash,8.8
142-63-6033,Cairo,Mandalay,Normal,Male,Home and lifestyle,92.36,5,3/20/2019,Ewallet,4.9
656-16-1063,Cairo,Mandalay,Normal,Male,Sports and travel,46.42,3,1/4/2019,Credit card,4.4
891-58-8335,Cairo,Mandalay,Member,Female,Sports and travel,29.61,7,3/11/2019,Cash,6.5
802-43-8934,Alex,Yangon,Normal,Male,Home and lifestyle,18.28,1,3/22/2019,Credit card,8.3
560-30-5617,Cairo,Mandalay,Normal,Female,Sports and travel,24.77,5,3/24/2019,Cash,8.5
319-74-2561,Alex,Yangon,Member,Female,Electronic accessories,94.64,3,2/21/2019,Cash,5.5
549-03-9315,Cairo,Mandalay,Normal,Male,Fashion accessories,94.87,8,2/12/2019,Ewallet,8.7
790-29-1172,Cairo,Mandalay,Normal,Female,Food and beverages,57.34,3,3/10/2019,Credit card,7.9
239-36-3640,Cairo,Mandalay,Normal,Male,Electronic accessories,45.35,6,1/31/2019,Ewallet,6.1
468-01-2051,Cairo,Mandalay,Normal,Male,Food and beverages,62.08,7,3/6/2019,Ewallet,5.4
389-25-3394,Giza,Naypyitaw,Normal,Male,Electronic accessories,11.81,5,2/17/2019,Cash,9.4
279-62-1445,Giza,Naypyitaw,Member,Female,Fashion accessories,12.54,1,2/21/2019,Cash,8.2
213-72-6612,Alex,Yangon,Normal,Male,Food and beverages,43.25,2,3/20/2019,Cash,6.2
746-68-6593,Giza,Naypyitaw,Member,Female,Sports and travel,87.16,2,1/11/2019,Credit card,9.7
836-82-5858,Cairo,Mandalay,Member,Male,Health and beauty,69.37,9,1/26/2019,Ewallet,4
583-72-1480,Giza,Naypyitaw,Member,Male,Electronic accessories,37.06,4,1/31/2019,Ewallet,9.7
466-61-5506,Cairo,Mandalay,Member,Female,Electronic accessories,90.7,6,2/26/2019,Cash,5.3
721-86-6247,Alex,Yangon,Normal,Female,Home and lifestyle,63.42,8,3/11/2019,Ewallet,7.4
289-65-5721,Cairo,Mandalay,Normal,Female,Fashion accessories,81.37,2,1/26/2019,Cash,6.5
545-46-3100,Cairo,Mandalay,Member,Female,Electronic accessories,10.59,3,3/12/2019,Credit card,8.7
418-02-5978,Cairo,Mandalay,Normal,Female,Health and beauty,84.09,9,2/11/2019,Cash,8
269-04-5750,Cairo,Mandalay,Member,Male,Fashion accessories,73.82,4,2/21/2019,Cash,6.7
157-13-5295,Alex,Yangon,Member,Male,Health and beauty,51.94,10,3/9/2019,Ewallet,6.5
645-78-8093,Alex,Yangon,Normal,Female,Sports and travel,93.14,2,1/20/2019,Ewallet,4.1
211-30-9270,Giza,Naypyitaw,Normal,Male,Health and beauty,17.41,5,1/28/2019,Credit card,4.9
755-12-3214,Giza,Naypyitaw,Member,Female,Fashion accessories,44.22,5,3/5/2019,Credit card,8.6
346-84-3103,Cairo,Mandalay,Member,Female,Electronic accessories,13.22,5,3/2/2019,Cash,4.3
478-06-7835,Alex,Yangon,Normal,Male,Fashion accessories,89.69,1,1/11/2019,Ewallet,4.9
540-11-4336,Alex,Yangon,Normal,Male,Food and beverages,24.94,9,1/11/2019,Credit card,5.6
448-81-5016,Alex,Yangon,Normal,Male,Health and beauty,59.77,2,3/11/2019,Credit card,5.8
142-72-4741,Giza,Naypyitaw,Member,Male,Fashion accessories,93.2,2,2/28/2019,Credit card,6
217-58-1179,Alex,Yangon,Member,Male,Home and lifestyle,62.65,4,1/5/2019,Cash,4.2
376-02-8238,Cairo,Mandalay,Normal,Male,Home and lifestyle,93.87,8,2/2/2019,Credit card,8.3
530-90-9855,Alex,Yangon,Member,Male,Home and lifestyle,47.59,8,1/1/2019,Cash,5.7
866-05-7563,Cairo,Mandalay,Member,Female,Electronic accessories,81.4,3,2/9/2019,Cash,4.8
604-70-6476,Alex,Yangon,Member,Male,Fashion accessories,17.94,5,1/23/2019,Ewallet,6.8
799-71-1548,Alex,Yangon,Member,Male,Electronic accessories,77.72,4,1/7/2019,Credit card,8.8
785-13-7708,Cairo,Mandalay,Normal,Male,Food and beverages,73.06,7,1/14/2019,Credit card,4.2
845-51-0542,Cairo,Mandalay,Member,Male,Food and beverages,46.55,9,2/2/2019,Ewallet,6.4
662-47-5456,Giza,Naypyitaw,Member,Male,Fashion accessories,35.19,10,3/17/2019,Credit card,8.4
883-17-4236,Giza,Naypyitaw,Normal,Female,Sports and travel,14.39,2,3/2/2019,Credit card,7.2
290-68-2984,Alex,Yangon,Normal,Male,Home and lifestyle,23.75,4,3/16/2019,Cash,5.2
704-11-6354,Alex,Yangon,Member,Male,Home and lifestyle,58.9,8,1/6/2019,Cash,8.9
110-48-7033,Cairo,Mandalay,Member,Male,Fashion accessories,32.62,4,1/29/2019,Cash,9
366-93-0948,Alex,Yangon,Member,Male,Electronic accessories,66.35,1,1/31/2019,Credit card,9.7
729-09-9681,Alex,Yangon,Member,Male,Home and lifestyle,25.91,6,2/5/2019,Ewallet,8.7
151-16-1484,Alex,Yangon,Member,Male,Electronic accessories,32.25,4,2/13/2019,Ewallet,6.5
380-94-4661,Giza,Naypyitaw,Member,Male,Electronic accessories,65.94,4,2/7/2019,Credit card,6.9
850-41-9669,Alex,Yangon,Normal,Female,Electronic accessories,75.06,9,3/19/2019,Ewallet,6.2
821-07-3596,Giza,Naypyitaw,Normal,Female,Fashion accessories,16.45,4,3/7/2019,Ewallet,5.6
655-85-5130,Cairo,Mandalay,Member,Female,Fashion accessories,38.3,4,3/13/2019,Cash,5.7
447-15-7839,Alex,Yangon,Member,Female,Sports and travel,22.24,10,2/9/2019,Cash,4.2
154-74-7179,Cairo,Mandalay,Normal,Male,Sports and travel,54.45,1,2/26/2019,Ewallet,7.9
253-12-6086,Alex,Yangon,Member,Female,Sports and travel,98.4,7,3/12/2019,Credit card,8.7
808-65-0703,Giza,Naypyitaw,Normal,Male,Home and lifestyle,35.47,4,3/14/2019,Credit card,6.9
571-94-0759,Cairo,Mandalay,Member,Female,Food and beverages,74.6,10,1/8/2019,Cash,9.5
144-51-6085,Alex,Yangon,Member,Male,Home and lifestyle,70.74,4,1/5/2019,Credit card,4.4
731-14-2199,Alex,Yangon,Member,Female,Home and lifestyle,35.54,10,1/4/2019,Ewallet,7
783-09-1637,Cairo,Mandalay,Normal,Female,Sports and travel,67.43,5,3/6/2019,Ewallet,6.3
687-15-1097,Giza,Naypyitaw,Member,Female,Health and beauty,21.12,2,1/3/2019,Cash,9.7
126-54-1082,Alex,Yangon,Member,Female,Home and lifestyle,21.54,9,1/7/2019,Credit card,8.8
633-91-1052,Alex,Yangon,Normal,Female,Home and lifestyle,12.03,2,1/27/2019,Cash,5.1
477-24-6490,Cairo,Mandalay,Normal,Female,Health and beauty,99.71,6,2/26/2019,Ewallet,7.9
566-19-5475,Cairo,Mandalay,Normal,Male,Fashion accessories,47.97,7,1/7/2019,Cash,6.2
526-86-8552,Giza,Naypyitaw,Member,Female,Home and lifestyle,21.82,10,1/7/2019,Cash,7.1
376-56-3573,Giza,Naypyitaw,Normal,Female,Fashion accessories,95.42,4,2/2/2019,Ewallet,6.4
537-72-0426,Giza,Naypyitaw,Member,Male,Fashion accessories,70.99,10,3/20/2019,Cash,5.7
828-61-5674,Alex,Yangon,Member,Male,Sports and travel,44.02,10,3/20/2019,Credit card,9.6
136-08-6195,Alex,Yangon,Normal,Female,Home and lifestyle,69.96,8,2/15/2019,Credit card,6.4
523-38-0215,Giza,Naypyitaw,Normal,Male,Home and lifestyle,37,1,3/6/2019,Credit card,7.9
490-29-1201,Alex,Yangon,Normal,Female,Sports and travel,15.34,1,1/6/2019,Cash,6.5
667-92-0055,Alex,Yangon,Member,Male,Health and beauty,99.83,6,3/4/2019,Ewallet,8.5
565-17-3836,Alex,Yangon,Member,Female,Health and beauty,47.67,4,3/12/2019,Cash,9.1
498-41-1961,Cairo,Mandalay,Normal,Male,Health and beauty,66.68,5,2/20/2019,Cash,7.6
593-95-4461,Giza,Naypyitaw,Member,Male,Home and lifestyle,74.86,1,3/24/2019,Cash,6.9
226-71-3580,Giza,Naypyitaw,Normal,Female,Sports and travel,23.75,9,1/31/2019,Cash,9.5
283-79-9594,Cairo,Mandalay,Normal,Female,Food and beverages,48.51,7,1/25/2019,Credit card,5.2
430-60-3493,Alex,Yangon,Member,Female,Home and lifestyle,94.88,7,2/3/2019,Cash,4.2
139-20-0155,Cairo,Mandalay,Member,Male,Electronic accessories,40.3,10,1/24/2019,Credit card,7
558-80-4082,Giza,Naypyitaw,Normal,Male,Electronic accessories,27.85,7,3/14/2019,Ewallet,6
278-97-7759,Alex,Yangon,Member,Female,Electronic accessories,62.48,1,2/18/2019,Cash,4.7
316-68-6352,Alex,Yangon,Member,Female,Food and beverages,36.36,2,1/21/2019,Cash,7.1
585-03-5943,Cairo,Mandalay,Normal,Male,Health and beauty,18.11,10,3/13/2019,Ewallet,5.9
211-05-0490,Giza,Naypyitaw,Member,Female,Electronic accessories,51.92,5,3/3/2019,Cash,7.5
727-75-6477,Giza,Naypyitaw,Normal,Male,Electronic accessories,28.84,4,3/29/2019,Cash,6.4
744-02-5987,Alex,Yangon,Member,Male,Home and lifestyle,78.38,6,1/10/2019,Ewallet,5.8
307-83-9164,Alex,Yangon,Member,Male,Home and lifestyle,60.01,4,1/25/2019,Cash,4.5
779-06-0012,Giza,Naypyitaw,Member,Female,Home and lifestyle,88.61,1,1/19/2019,Cash,7.7
446-47-6729,Giza,Naypyitaw,Normal,Male,Fashion accessories,99.82,2,1/2/2019,Credit card,6.7
573-10-3877,Cairo,Mandalay,Member,Male,Health and beauty,39.01,1,3/12/2019,Credit card,4.7
735-06-4124,Giza,Naypyitaw,Normal,Male,Food and beverages,48.61,1,2/25/2019,Cash,4.4
439-54-7422,Alex,Yangon,Normal,Female,Electronic accessories,51.19,4,3/18/2019,Credit card,4.7
396-90-2219,Cairo,Mandalay,Normal,Female,Electronic accessories,14.96,8,2/23/2019,Cash,8.6
411-77-0180,Alex,Yangon,Member,Male,Electronic accessories,72.2,7,3/26/2019,Ewallet,4.3
286-01-5402,Alex,Yangon,Normal,Female,Sports and travel,40.23,7,3/30/2019,Cash,9.6
803-17-8013,Alex,Yangon,Member,Female,Home and lifestyle,88.79,8,2/17/2019,Cash,4.1
512-98-1403,Alex,Yangon,Member,Female,Electronic accessories,26.48,3,3/21/2019,Ewallet,4.7
848-42-2560,Alex,Yangon,Normal,Female,Fashion accessories,81.91,2,3/5/2019,Cash,7.8
532-59-7201,Cairo,Mandalay,Member,Male,Sports and travel,79.93,6,1/31/2019,Cash,5.5
181-94-6432,Giza,Naypyitaw,Member,Male,Fashion accessories,69.33,2,2/5/2019,Ewallet,9.7
870-76-1733,Alex,Yangon,Member,Female,Food and beverages,14.23,5,2/1/2019,Credit card,4.4
423-64-4619,Alex,Yangon,Member,Female,Health and beauty,15.55,9,3/7/2019,Cash,5
227-07-4446,Giza,Naypyitaw,Member,Female,Electronic accessories,78.13,10,2/10/2019,Cash,4.4
174-36-3675,Giza,Naypyitaw,Member,Male,Food and beverages,99.37,2,2/14/2019,Cash,5.2
428-83-5800,Giza,Naypyitaw,Member,Female,Food and beverages,21.08,3,2/9/2019,Cash,7.3
603-07-0961,Giza,Naypyitaw,Member,Male,Electronic accessories,74.79,5,1/10/2019,Cash,4.9
704-20-4138,Giza,Naypyitaw,Member,Female,Health and beauty,29.67,7,3/11/2019,Credit card,8.1
787-15-1757,Giza,Naypyitaw,Member,Male,Health and beauty,44.07,4,2/18/2019,Ewallet,8.4
649-11-3678,Giza,Naypyitaw,Normal,Female,Food and beverages,22.93,9,2/26/2019,Cash,5.5
622-20-1945,Giza,Naypyitaw,Normal,Female,Health and beauty,39.42,1,1/18/2019,Cash,8.4
372-94-8041,Alex,Yangon,Normal,Male,Health and beauty,15.26,6,2/15/2019,Ewallet,9.8
563-91-7120,Alex,Yangon,Normal,Female,Fashion accessories,61.77,5,3/8/2019,Cash,6.7
746-54-5508,Alex,Yangon,Normal,Male,Home and lifestyle,21.52,6,1/17/2019,Credit card,9.4
276-54-0879,Cairo,Mandalay,Normal,Male,Sports and travel,97.74,4,3/12/2019,Ewallet,6.4
815-11-1168,Alex,Yangon,Member,Male,Food and beverages,99.78,5,3/9/2019,Cash,5.4
719-76-3868,Giza,Naypyitaw,Member,Male,Food and beverages,94.26,4,3/12/2019,Cash,8.6
730-61-8757,Cairo,Mandalay,Member,Male,Health and beauty,51.13,4,1/25/2019,Credit card,4
340-66-0321,Alex,Yangon,Member,Male,Electronic accessories,36.36,4,3/25/2019,Cash,7.6
868-81-1752,Cairo,Mandalay,Normal,Male,Home and lifestyle,22.02,9,2/7/2019,Cash,6.8
634-97-8956,Alex,Yangon,Normal,Male,Food and beverages,32.9,3,2/17/2019,Credit card,9.1
566-71-1091,Alex,Yangon,Normal,Male,Fashion accessories,77.02,5,2/3/2019,Cash,5.5
442-48-3607,Alex,Yangon,Member,Male,Food and beverages,23.48,2,3/14/2019,Credit card,7.9
835-16-0096,Giza,Naypyitaw,Member,Male,Sports and travel,14.7,5,3/24/2019,Ewallet,8.5
527-09-6272,Alex,Yangon,Member,Female,Electronic accessories,28.45,5,3/21/2019,Credit card,9.1
898-04-2717,Alex,Yangon,Normal,Male,Fashion accessories,76.4,9,3/19/2019,Ewallet,7.5
692-27-8933,Cairo,Mandalay,Normal,Female,Sports and travel,57.95,6,2/24/2019,Cash,5.2
633-09-3463,Giza,Naypyitaw,Normal,Female,Electronic accessories,47.65,3,3/28/2019,Credit card,9.5
374-17-3652,Cairo,Mandalay,Member,Female,Food and beverages,42.82,9,2/5/2019,Credit card,8.9
378-07-7001,Cairo,Mandalay,Member,Male,Electronic accessories,48.09,3,2/10/2019,Credit card,7.8
433-75-6987,Cairo,Mandalay,Member,Female,Health and beauty,55.97,7,3/5/2019,Ewallet,8.9
873-95-4984,Cairo,Mandalay,Member,Female,Health and beauty,76.9,7,2/15/2019,Cash,7.7
416-13-5917,Giza,Naypyitaw,Normal,Female,Food and beverages,97.03,5,1/30/2019,Ewallet,9.3
150-89-8043,Alex,Yangon,Normal,Male,Sports and travel,44.65,3,2/14/2019,Cash,6.2
135-84-8019,Alex,Yangon,Normal,Female,Fashion accessories,77.93,9,2/27/2019,Ewallet,7.6
441-94-7118,Alex,Yangon,Member,Male,Electronic accessories,71.95,1,2/4/2019,Cash,7.3
725-96-3778,Giza,Naypyitaw,Member,Female,Home and lifestyle,89.25,8,1/20/2019,Cash,4.7
531-80-1784,Alex,Yangon,Normal,Male,Electronic accessories,26.02,7,3/28/2019,Cash,5.1
400-45-1220,Cairo,Mandalay,Normal,Female,Health and beauty,13.5,10,2/27/2019,Credit card,4.8
860-79-0874,Giza,Naypyitaw,Member,Female,Fashion accessories,99.3,10,2/15/2019,Credit card,6.6
834-61-8124,Alex,Yangon,Normal,Male,Electronic accessories,51.69,7,1/26/2019,Cash,5.5
115-99-4379,Cairo,Mandalay,Member,Female,Fashion accessories,54.73,7,3/14/2019,Credit card,8.5
565-67-6697,Cairo,Mandalay,Member,Male,Home and lifestyle,27,9,3/2/2019,Cash,4.8
320-49-6392,Giza,Naypyitaw,Normal,Female,Electronic accessories,30.24,1,3/4/2019,Cash,8.4
889-04-9723,Cairo,Mandalay,Member,Female,Food and beverages,89.14,4,1/7/2019,Credit card,7.8
632-90-0281,Giza,Naypyitaw,Normal,Female,Fashion accessories,37.55,10,3/8/2019,Credit card,9.3
554-42-2417,Giza,Naypyitaw,Normal,Female,Sports and travel,95.44,10,1/9/2019,Cash,5.2
453-63-6187,Cairo,Mandalay,Normal,Male,Electronic accessories,27.5,3,3/1/2019,Ewallet,6.5
578-80-7669,Cairo,Mandalay,Normal,Male,Sports and travel,74.97,1,3/16/2019,Cash,5.6
612-36-5536,Alex,Yangon,Member,Male,Food and beverages,80.96,8,2/17/2019,Credit card,7.4
605-72-4132,Giza,Naypyitaw,Normal,Female,Food and beverages,94.47,8,2/27/2019,Cash,9.1
471-41-2823,Giza,Naypyitaw,Normal,Male,Food and beverages,99.79,2,3/7/2019,Ewallet,8
462-67-9126,Alex,Yangon,Normal,Male,Home and lifestyle,73.22,6,1/21/2019,Cash,7.2
272-27-9238,Giza,Naypyitaw,Normal,Female,Food and beverages,41.24,4,2/19/2019,Cash,7.1
834-25-9262,Giza,Naypyitaw,Normal,Female,Fashion accessories,81.68,4,1/6/2019,Cash,9.1
122-61-9553,Giza,Naypyitaw,Normal,Female,Electronic accessories,51.32,9,3/14/2019,Cash,5.6
468-88-0009,Alex,Yangon,Member,Male,Home and lifestyle,65.94,4,3/24/2019,Cash,6
613-59-9758,Giza,Naypyitaw,Normal,Female,Sports and travel,14.36,10,1/27/2019,Cash,5.4
254-31-0042,Alex,Yangon,Member,Male,Electronic accessories,21.5,9,3/6/2019,Credit card,7.8
201-86-2184,Cairo,Mandalay,Member,Female,Electronic accessories,26.26,7,2/2/2019,Cash,9.9
261-12-8671,Cairo,Mandalay,Normal,Female,Fashion accessories,60.96,2,1/25/2019,Credit card,4.9
730-70-9830,Giza,Naypyitaw,Normal,Female,Home and lifestyle,70.11,6,3/14/2019,Ewallet,5.2
382-25-8917,Giza,Naypyitaw,Normal,Male,Fashion accessories,42.08,6,1/29/2019,Cash,8.9
422-29-8786,Alex,Yangon,Normal,Female,Home and lifestyle,67.09,5,1/3/2019,Credit card,9.1
667-23-5919,Alex,Yangon,Member,Female,Fashion accessories,96.7,5,1/14/2019,Ewallet,7
843-01-4703,Cairo,Mandalay,Member,Female,Home and lifestyle,35.38,9,1/5/2019,Credit card,9.6
743-88-1662,Giza,Naypyitaw,Normal,Male,Sports and travel,95.49,7,2/22/2019,Ewallet,8.7
595-86-2894,Giza,Naypyitaw,Member,Male,Fashion accessories,96.98,4,2/6/2019,Ewallet,9.4
182-69-8360,Cairo,Mandalay,Normal,Female,Electronic accessories,23.65,4,1/30/2019,Credit card,4
289-15-7034,Alex,Yangon,Member,Male,Sports and travel,82.33,4,1/11/2019,Credit card,7.5
462-78-5240,Giza,Naypyitaw,Normal,Female,Electronic accessories,26.61,2,3/19/2019,Cash,4.2
868-52-7573,Cairo,Mandalay,Normal,Female,Food and beverages,99.69,5,1/14/2019,Cash,9.9
153-58-4872,Giza,Naypyitaw,Member,Female,Food and beverages,74.89,4,3/1/2019,Ewallet,4.2
662-72-2873,Alex,Yangon,Normal,Female,Food and beverages,40.94,5,1/6/2019,Ewallet,9.9
525-88-7307,Cairo,Mandalay,Member,Male,Sports and travel,75.82,1,1/31/2019,Cash,5.8
689-16-9784,Giza,Naypyitaw,Normal,Male,Food and beverages,46.77,6,3/11/2019,Cash,6
725-56-0833,Alex,Yangon,Normal,Female,Health and beauty,32.32,10,2/20/2019,Credit card,10
394-41-0748,Giza,Naypyitaw,Member,Female,Fashion accessories,54.07,9,1/27/2019,Ewallet,9.5
596-42-3999,Cairo,Mandalay,Normal,Male,Food and beverages,18.22,7,3/10/2019,Credit card,6.6
541-89-9860,Giza,Naypyitaw,Member,Female,Fashion accessories,80.48,3,2/15/2019,Cash,8.1
173-82-9529,Cairo,Mandalay,Normal,Female,Fashion accessories,37.95,10,1/26/2019,Cash,9.7
563-36-9814,Alex,Yangon,Member,Male,Electronic accessories,76.82,1,2/13/2019,Ewallet,7.2
308-47-4913,Alex,Yangon,Member,Female,Sports and travel,52.26,10,3/9/2019,Credit card,6.2
885-17-6250,Alex,Yangon,Normal,Female,Health and beauty,79.74,1,3/6/2019,Ewallet,7.3
726-27-2396,Alex,Yangon,Normal,Female,Health and beauty,77.5,5,1/24/2019,Ewallet,4.3
316-01-3952,Alex,Yangon,Normal,Female,Food and beverages,54.27,5,3/13/2019,Ewallet,4.6
760-54-1821,Cairo,Mandalay,Normal,Male,Home and lifestyle,13.59,9,3/15/2019,Cash,5.8
793-10-3222,Cairo,Mandalay,Member,Female,Health and beauty,41.06,6,3/5/2019,Credit card,8.3
346-12-3257,Cairo,Mandalay,Member,Male,Electronic accessories,19.24,9,3/4/2019,Cash,8
110-05-6330,Giza,Naypyitaw,Normal,Female,Food and beverages,39.43,6,3/25/2019,Credit card,9.4
651-61-0874,Giza,Naypyitaw,Normal,Male,Home and lifestyle,46.22,4,3/12/2019,Credit card,6.2
236-86-3015,Giza,Naypyitaw,Member,Male,Home and lifestyle,13.98,1,2/4/2019,Ewallet,9.8
831-64-0259,Cairo,Mandalay,Normal,Female,Fashion accessories,39.75,5,2/22/2019,Ewallet,9.6
587-03-7455,Giza,Naypyitaw,Member,Female,Fashion accessories,97.79,7,2/16/2019,Ewallet,4.9
882-40-4577,Alex,Yangon,Member,Male,Sports and travel,67.26,4,1/19/2019,Credit card,8
732-67-5346,Alex,Yangon,Normal,Male,Food and beverages,13.79,5,1/11/2019,Credit card,7.8
725-32-9708,Cairo,Mandalay,Member,Female,Fashion accessories,68.71,4,1/4/2019,Cash,4.1
256-08-8343,Alex,Yangon,Normal,Female,Home and lifestyle,56.53,4,3/4/2019,Ewallet,5.5
372-26-1506,Giza,Naypyitaw,Normal,Female,Fashion accessories,23.82,5,1/28/2019,Ewallet,5.4
244-08-0162,Cairo,Mandalay,Normal,Female,Health and beauty,34.21,10,1/2/2019,Cash,5.1
569-71-4390,Cairo,Mandalay,Normal,Male,Sports and travel,21.87,2,1/25/2019,Ewallet,6.9
132-23-6451,Alex,Yangon,Member,Male,Health and beauty,20.97,5,1/4/2019,Cash,7.8
696-90-2548,Alex,Yangon,Normal,Male,Sports and travel,25.84,3,3/10/2019,Ewallet,6.6
472-15-9636,Alex,Yangon,Normal,Male,Home and lifestyle,50.93,8,3/22/2019,Ewallet,9.2
268-03-6164,Cairo,Mandalay,Normal,Male,Health and beauty,96.11,1,1/25/2019,Ewallet,7.8
750-57-9686,Giza,Naypyitaw,Normal,Female,Home and lifestyle,45.38,4,1/8/2019,Credit card,8.7
186-09-3669,Giza,Naypyitaw,Member,Female,Health and beauty,81.51,1,1/22/2019,Ewallet,9.2
848-07-1692,Cairo,Mandalay,Normal,Female,Health and beauty,57.22,2,1/12/2019,Ewallet,8.3
745-71-3520,Alex,Yangon,Member,Female,Electronic accessories,25.22,7,2/4/2019,Cash,8.2
266-76-6436,Giza,Naypyitaw,Member,Female,Food and beverages,38.6,3,3/28/2019,Ewallet,7.5
740-22-2500,Giza,Naypyitaw,Normal,Female,Electronic accessories,84.05,3,1/23/2019,Cash,9.8
271-88-8734,Giza,Naypyitaw,Member,Female,Fashion accessories,97.21,10,2/8/2019,Credit card,8.7
301-81-8610,Cairo,Mandalay,Member,Male,Fashion accessories,25.42,8,3/19/2019,Credit card,6.7
489-64-4354,Giza,Naypyitaw,Normal,Male,Fashion accessories,16.28,1,3/9/2019,Cash,5
198-84-7132,Cairo,Mandalay,Member,Male,Fashion accessories,40.61,9,1/2/2019,Cash,7
269-10-8440,Alex,Yangon,Member,Male,Health and beauty,53.17,7,1/21/2019,Cash,8.9
650-98-6268,Cairo,Mandalay,Member,Female,Food and beverages,20.87,3,3/20/2019,Credit card,8
741-73-3559,Cairo,Mandalay,Normal,Male,Sports and travel,67.27,5,2/27/2019,Cash,6.9
325-77-6186,Alex,Yangon,Member,Female,Home and lifestyle,90.65,10,3/8/2019,Ewallet,7.3
286-75-7818,Cairo,Mandalay,Normal,Male,Fashion accessories,69.08,2,1/31/2019,Credit card,6.9
574-57-9721,Giza,Naypyitaw,Normal,Male,Food and beverages,43.27,2,3/8/2019,Ewallet,5.7
459-50-7686,Alex,Yangon,Normal,Female,Electronic accessories,23.46,6,1/13/2019,Ewallet,6.4
616-87-0016,Cairo,Mandalay,Normal,Male,Fashion accessories,95.54,7,3/9/2019,Credit card,9.6
837-55-7229,Cairo,Mandalay,Normal,Female,Fashion accessories,47.44,1,2/22/2019,Credit card,6.8
751-69-0068,Giza,Naypyitaw,Normal,Male,Sports and travel,99.24,9,3/19/2019,Ewallet,9
257-73-1380,Giza,Naypyitaw,Member,Male,Sports and travel,82.93,4,1/20/2019,Ewallet,9.6
345-08-4992,Alex,Yangon,Normal,Male,Home and lifestyle,33.99,6,3/8/2019,Credit card,7.7
549-96-4200,Giza,Naypyitaw,Member,Male,Food and beverages,17.04,4,3/8/2019,Ewallet,7
810-60-6344,Giza,Naypyitaw,Normal,Female,Electronic accessories,40.86,8,2/7/2019,Credit card,6.5
450-28-2866,Giza,Naypyitaw,Member,Male,Food and beverages,17.44,5,1/15/2019,Cash,8.1
394-30-3170,Cairo,Mandalay,Member,Female,Sports and travel,88.43,8,3/22/2019,Credit card,4.3
138-17-5109,Alex,Yangon,Member,Female,Home and lifestyle,89.21,9,1/15/2019,Credit card,6.5
192-98-7397,Giza,Naypyitaw,Normal,Male,Fashion accessories,12.78,1,1/8/2019,Ewallet,9.5
301-11-9629,Alex,Yangon,Normal,Female,Sports and travel,19.1,7,1/15/2019,Cash,9.7
390-80-5128,Cairo,Mandalay,Member,Female,Health and beauty,19.15,1,1/28/2019,Credit card,9.5
235-46-8343,Giza,Naypyitaw,Member,Male,Food and beverages,27.66,10,2/14/2019,Credit card,8.9
453-12-7053,Giza,Naypyitaw,Normal,Male,Fashion accessories,45.74,3,3/10/2019,Credit card,6.5
296-11-7041,Cairo,Mandalay,Member,Female,Health and beauty,27.07,1,1/12/2019,Credit card,5.3
449-27-2918,Cairo,Mandalay,Member,Female,Sports and travel,39.12,1,3/26/2019,Credit card,9.6
891-01-7034,Cairo,Mandalay,Normal,Female,Electronic accessories,74.71,6,1/1/2019,Cash,6.7
744-09-5786,Cairo,Mandalay,Normal,Male,Electronic accessories,22.01,6,1/2/2019,Cash,7.6
727-17-0390,Alex,Yangon,Normal,Female,Food and beverages,63.61,5,3/16/2019,Ewallet,4.8
568-88-3448,Alex,Yangon,Normal,Male,Health and beauty,25,1,3/3/2019,Ewallet,5.5
187-83-5490,Alex,Yangon,Member,Male,Electronic accessories,20.77,4,1/31/2019,Cash,4.7
767-54-1907,Cairo,Mandalay,Member,Female,Fashion accessories,29.56,5,2/13/2019,Cash,6.9
710-46-4433,Cairo,Mandalay,Member,Female,Food and beverages,77.4,9,2/15/2019,Credit card,4.5
533-33-5337,Cairo,Mandalay,Normal,Male,Electronic accessories,79.39,10,2/7/2019,Cash,6.2
325-90-8763,Giza,Naypyitaw,Member,Female,Electronic accessories,46.57,10,1/27/2019,Cash,7.6
729-46-7422,Giza,Naypyitaw,Normal,Male,Food and beverages,35.89,1,2/23/2019,Credit card,7.9
639-76-1242,Giza,Naypyitaw,Normal,Male,Food and beverages,40.52,5,2/3/2019,Cash,4.5
234-03-4040,Cairo,Mandalay,Member,Female,Food and beverages,73.05,10,3/3/2019,Credit card,8.7
326-71-2155,Giza,Naypyitaw,Normal,Female,Sports and travel,73.95,4,2/3/2019,Cash,6.1
320-32-8842,Giza,Naypyitaw,Member,Female,Food and beverages,22.62,1,3/17/2019,Cash,6.4
470-32-9057,Alex,Yangon,Member,Male,Food and beverages,51.34,5,3/28/2019,Credit card,9.1
878-30-2331,Giza,Naypyitaw,Member,Female,Sports and travel,54.55,10,3/2/2019,Credit card,7.1
440-59-5691,Giza,Naypyitaw,Member,Female,Health and beauty,37.15,7,2/8/2019,Credit card,7.7
554-53-3790,Cairo,Mandalay,Normal,Male,Sports and travel,37.02,6,3/22/2019,Cash,4.5
746-19-0921,Giza,Naypyitaw,Normal,Male,Food and beverages,21.58,1,2/9/2019,Ewallet,7.2
233-34-0817,Giza,Naypyitaw,Member,Female,Electronic accessories,98.84,1,2/15/2019,Cash,8.4
767-05-1286,Giza,Naypyitaw,Member,Female,Home and lifestyle,83.77,6,1/23/2019,Ewallet,5.4
340-21-9136,Alex,Yangon,Member,Female,Sports and travel,40.05,4,1/25/2019,Cash,9.7
405-31-3305,Alex,Yangon,Member,Male,Fashion accessories,43.13,10,2/2/2019,Credit card,5.5
731-59-7531,Cairo,Mandalay,Member,Male,Health and beauty,72.57,8,3/30/2019,Cash,4.6
676-39-6028,Alex,Yangon,Member,Female,Electronic accessories,64.44,5,3/30/2019,Cash,6.6
502-05-1910,Alex,Yangon,Normal,Male,Health and beauty,65.18,3,2/25/2019,Credit card,6.3
485-30-8700,Alex,Yangon,Normal,Female,Sports and travel,33.26,5,3/18/2019,Credit card,4.2
598-47-9715,Giza,Naypyitaw,Normal,Male,Electronic accessories,84.07,4,3/7/2019,Ewallet,4.4
701-69-8742,Cairo,Mandalay,Normal,Male,Sports and travel,34.37,10,3/16/2019,Ewallet,6.7
575-67-1508,Alex,Yangon,Normal,Male,Electronic accessories,38.6,1,1/29/2019,Ewallet,6.7
541-08-3113,Giza,Naypyitaw,Normal,Male,Food and beverages,65.97,8,2/2/2019,Cash,8.4
246-11-3901,Giza,Naypyitaw,Normal,Female,Electronic accessories,32.8,10,2/15/2019,Cash,6.2
674-15-9296,Alex,Yangon,Normal,Male,Sports and travel,37.14,5,1/8/2019,Ewallet,5
305-18-3552,Cairo,Mandalay,Member,Male,Home and lifestyle,60.38,10,2/12/2019,Cash,6
493-65-6248,Giza,Naypyitaw,Member,Female,Sports and travel,36.98,10,1/1/2019,Credit card,7
438-01-4015,Cairo,Mandalay,Member,Female,Sports and travel,49.49,4,3/21/2019,Ewallet,6.6
709-58-4068,Cairo,Mandalay,Normal,Female,Fashion accessories,41.09,10,2/28/2019,Cash,7.3
795-49-7276,Alex,Yangon,Normal,Male,Fashion accessories,37.15,4,3/23/2019,Ewallet,8.3
556-72-8512,Giza,Naypyitaw,Normal,Male,Home and lifestyle,22.96,1,1/30/2019,Cash,4.3
627-95-3243,Cairo,Mandalay,Member,Female,Home and lifestyle,77.68,9,2/4/2019,Ewallet,9.8
686-41-0932,Cairo,Mandalay,Normal,Female,Fashion accessories,34.7,2,3/13/2019,Ewallet,8.2
510-09-5628,Alex,Yangon,Member,Female,Fashion accessories,19.66,10,3/15/2019,Credit card,7.2
608-04-3797,Cairo,Mandalay,Member,Female,Health and beauty,25.32,8,3/5/2019,Ewallet,8.7
148-82-2527,Giza,Naypyitaw,Member,Female,Home and lifestyle,12.12,10,3/5/2019,Credit card,8.4
437-53-3084,Cairo,Mandalay,Normal,Male,Fashion accessories,99.89,2,2/26/2019,Ewallet,7.1
632-32-4574,Cairo,Mandalay,Normal,Male,Sports and travel,75.92,8,3/20/2019,Cash,5.5
556-97-7101,Giza,Naypyitaw,Normal,Female,Electronic accessories,63.22,2,1/1/2019,Cash,8.5
862-59-8517,Giza,Naypyitaw,Normal,Female,Food and beverages,90.24,6,1/27/2019,Cash,6.2
401-18-8016,Cairo,Mandalay,Member,Female,Sports and travel,98.13,1,1/21/2019,Cash,8.9
420-18-8989,Alex,Yangon,Member,Female,Sports and travel,51.52,8,2/2/2019,Cash,9.6
277-63-2961,Cairo,Mandalay,Member,Male,Sports and travel,73.97,1,2/3/2019,Credit card,5.4
573-98-8548,Giza,Naypyitaw,Member,Female,Fashion accessories,31.9,1,1/5/2019,Ewallet,9.1
620-02-2046,Giza,Naypyitaw,Normal,Male,Home and lifestyle,69.4,2,1/27/2019,Ewallet,9
282-35-2475,Cairo,Mandalay,Normal,Female,Sports and travel,93.31,2,3/25/2019,Cash,6.3
511-54-3087,Cairo,Mandalay,Normal,Male,Sports and travel,88.45,1,2/25/2019,Credit card,9.5
726-29-6793,Alex,Yangon,Member,Male,Electronic accessories,24.18,8,1/28/2019,Ewallet,9.8
387-49-4215,Cairo,Mandalay,Member,Female,Sports and travel,48.5,3,1/8/2019,Cash,6.7
862-17-9201,Cairo,Mandalay,Normal,Female,Food and beverages,84.05,6,1/29/2019,Credit card,7.7
291-21-5991,Cairo,Mandalay,Member,Male,Health and beauty,61.29,5,3/29/2019,Cash,7
602-80-9671,Giza,Naypyitaw,Member,Female,Home and lifestyle,15.95,6,2/9/2019,Credit card,5.1
347-72-6115,Cairo,Mandalay,Member,Female,Sports and travel,90.74,7,1/16/2019,Credit card,6.2
209-61-0206,Alex,Yangon,Normal,Female,Home and lifestyle,42.91,5,1/5/2019,Ewallet,6.1
595-27-4851,Alex,Yangon,Normal,Female,Fashion accessories,54.28,7,1/27/2019,Ewallet,9.3
189-52-0236,Alex,Yangon,Normal,Male,Electronic accessories,99.55,7,3/14/2019,Cash,7.6
503-07-0930,Giza,Naypyitaw,Member,Male,Sports and travel,58.39,7,2/23/2019,Credit card,8.2
413-20-6708,Giza,Naypyitaw,Member,Female,Fashion accessories,51.47,1,3/18/2019,Ewallet,8.5
425-85-2085,Cairo,Mandalay,Member,Male,Health and beauty,54.86,5,3/29/2019,Ewallet,9.8
521-18-7827,Giza,Naypyitaw,Member,Male,Home and lifestyle,39.39,5,1/22/2019,Credit card,8.7
220-28-1851,Alex,Yangon,Normal,Male,Home and lifestyle,34.73,2,3/1/2019,Ewallet,9.7
600-38-9738,Giza,Naypyitaw,Member,Male,Sports and travel,71.92,5,1/17/2019,Credit card,4.3
734-91-1155,Cairo,Mandalay,Normal,Female,Electronic accessories,45.71,3,3/26/2019,Credit card,7.7
451-28-5717,Giza,Naypyitaw,Member,Female,Home and lifestyle,83.17,6,3/20/2019,Cash,7.3
609-81-8548,Alex,Yangon,Member,Female,Home and lifestyle,37.44,6,2/6/2019,Credit card,5.9
133-14-7229,Giza,Naypyitaw,Normal,Male,Health and beauty,62.87,2,1/1/2019,Cash,5
534-01-4457,Alex,Yangon,Normal,Male,Food and beverages,81.71,6,1/27/2019,Credit card,8
719-89-8991,Alex,Yangon,Member,Female,Sports and travel,91.41,5,2/25/2019,Ewallet,7.1
286-62-6248,Cairo,Mandalay,Normal,Male,Fashion accessories,39.21,4,1/16/2019,Credit card,9
339-38-9982,Cairo,Mandalay,Member,Male,Fashion accessories,59.86,2,1/13/2019,Ewallet,6.7
827-44-5872,Cairo,Mandalay,Member,Female,Food and beverages,54.36,10,2/7/2019,Credit card,6.1
827-77-7633,Alex,Yangon,Normal,Male,Sports and travel,98.09,9,2/17/2019,Cash,9.3
287-83-1405,Alex,Yangon,Normal,Male,Health and beauty,25.43,6,2/12/2019,Ewallet,7
435-13-4908,Alex,Yangon,Member,Male,Fashion accessories,86.68,8,1/24/2019,Credit card,7.2
857-67-9057,Cairo,Mandalay,Normal,Male,Electronic accessories,22.95,10,2/6/2019,Ewallet,8.2
236-27-1144,Giza,Naypyitaw,Normal,Female,Food and beverages,16.31,9,3/26/2019,Ewallet,8.4
892-05-6689,Alex,Yangon,Normal,Female,Home and lifestyle,28.32,5,3/11/2019,Ewallet,6.2
583-41-4548,Giza,Naypyitaw,Normal,Male,Home and lifestyle,16.67,7,2/7/2019,Ewallet,7.4
339-12-4827,Cairo,Mandalay,Member,Female,Fashion accessories,73.96,1,1/5/2019,Credit card,5
643-38-7867,Alex,Yangon,Normal,Male,Home and lifestyle,97.94,1,3/7/2019,Ewallet,6.9
308-81-0538,Alex,Yangon,Normal,Female,Fashion accessories,73.05,4,2/25/2019,Credit card,4.9
358-88-9262,Giza,Naypyitaw,Member,Female,Food and beverages,87.48,6,2/1/2019,Ewallet,5.1
460-35-4390,Alex,Yangon,Normal,Male,Home and lifestyle,30.68,3,1/22/2019,Ewallet,9.1
343-87-0864,Giza,Naypyitaw,Member,Male,Health and beauty,75.88,1,1/3/2019,Credit card,7.1
173-50-1108,Cairo,Mandalay,Member,Female,Sports and travel,20.18,4,2/13/2019,Credit card,5
243-47-2663,Giza,Naypyitaw,Member,Male,Electronic accessories,18.77,6,1/28/2019,Credit card,5.5
841-18-8232,Cairo,Mandalay,Normal,Female,Food and beverages,71.2,1,1/5/2019,Credit card,9.2
701-23-5550,Cairo,Mandalay,Member,Male,Home and lifestyle,38.81,4,3/19/2019,Ewallet,4.9
647-50-1224,Alex,Yangon,Normal,Female,Fashion accessories,29.42,10,1/12/2019,Ewallet,8.9
541-48-8554,Alex,Yangon,Normal,Male,Sports and travel,60.95,9,1/7/2019,Credit card,6
539-21-7227,Cairo,Mandalay,Normal,Female,Sports and travel,51.54,5,1/26/2019,Cash,4.2
213-32-1216,Alex,Yangon,Normal,Female,Electronic accessories,66.06,6,1/23/2019,Cash,7.3
747-58-7183,Cairo,Mandalay,Normal,Male,Fashion accessories,57.27,3,2/9/2019,Ewallet,6.5
582-52-8065,Cairo,Mandalay,Normal,Female,Fashion accessories,54.31,9,2/22/2019,Cash,8.9
210-57-1719,Cairo,Mandalay,Normal,Female,Health and beauty,58.24,9,2/5/2019,Cash,9.7
399-69-4630,Giza,Naypyitaw,Normal,Male,Electronic accessories,22.21,6,3/7/2019,Credit card,8.6
134-75-2619,Alex,Yangon,Member,Male,Electronic accessories,19.32,7,3/25/2019,Cash,6.9
356-44-8813,Cairo,Mandalay,Normal,Male,Home and lifestyle,37.48,3,1/20/2019,Credit card,7.7
198-66-9832,Cairo,Mandalay,Member,Female,Fashion accessories,72.04,2,2/4/2019,Cash,9.5
283-26-5248,Giza,Naypyitaw,Member,Female,Food and beverages,98.52,10,1/30/2019,Ewallet,4.5
712-39-0363,Alex,Yangon,Member,Male,Food and beverages,41.66,6,1/2/2019,Ewallet,5.6
218-59-9410,Alex,Yangon,Member,Female,Home and lifestyle,72.42,3,3/29/2019,Ewallet,8.2
174-75-0888,Cairo,Mandalay,Normal,Male,Electronic accessories,21.58,9,3/14/2019,Cash,7.3
866-99-7614,Giza,Naypyitaw,Normal,Male,Food and beverages,89.2,10,2/11/2019,Credit card,4.4
134-54-4720,Cairo,Mandalay,Normal,Female,Electronic accessories,42.42,8,1/30/2019,Ewallet,5.7
760-90-2357,Alex,Yangon,Member,Male,Electronic accessories,74.51,6,3/20/2019,Ewallet,5
514-37-2845,Cairo,Mandalay,Normal,Male,Fashion accessories,99.25,2,3/20/2019,Cash,9
698-98-5964,Alex,Yangon,Normal,Female,Food and beverages,81.21,10,1/17/2019,Credit card,6.3
718-57-9773,Giza,Naypyitaw,Normal,Female,Sports and travel,49.33,10,2/3/2019,Credit card,9.4
651-88-7328,Alex,Yangon,Normal,Female,Fashion accessories,65.74,9,1/1/2019,Cash,7.7
241-11-2261,Cairo,Mandalay,Normal,Female,Fashion accessories,79.86,7,1/10/2019,Credit card,5.5
408-26-9866,Giza,Naypyitaw,Normal,Female,Sports and travel,73.98,7,3/2/2019,Ewallet,4.1
834-83-1826,Cairo,Mandalay,Member,Female,Home and lifestyle,82.04,5,2/25/2019,Credit card,7.6
343-61-3544,Cairo,Mandalay,Member,Male,Sports and travel,26.67,10,1/29/2019,Cash,8.6
239-48-4278,Alex,Yangon,Member,Male,Food and beverages,10.13,7,3/10/2019,Ewallet,8.3
355-34-6244,Cairo,Mandalay,Normal,Male,Food and beverages,72.39,2,1/13/2019,Credit card,8.1
550-84-8664,Alex,Yangon,Normal,Male,Sports and travel,85.91,5,3/22/2019,Credit card,8.6
339-96-8318,Cairo,Mandalay,Member,Male,Fashion accessories,81.31,7,3/1/2019,Ewallet,6.3
458-61-0011,Cairo,Mandalay,Normal,Male,Food and beverages,60.3,4,2/20/2019,Cash,5.8
592-34-6155,Giza,Naypyitaw,Normal,Male,Food and beverages,31.77,4,1/14/2019,Ewallet,6.2
797-88-0493,Alex,Yangon,Normal,Female,Health and beauty,64.27,4,3/26/2019,Cash,7.7
207-73-1363,Cairo,Mandalay,Normal,Male,Health and beauty,69.51,2,3/1/2019,Ewallet,8.1
390-31-6381,Giza,Naypyitaw,Normal,Male,Food and beverages,27.22,3,1/7/2019,Cash,7.3
443-82-0585,Alex,Yangon,Member,Female,Health and beauty,77.68,4,2/1/2019,Cash,8.4
339-18-7061,Giza,Naypyitaw,Member,Female,Fashion accessories,92.98,2,2/13/2019,Credit card,8
359-90-3665,Cairo,Mandalay,Member,Female,Fashion accessories,18.08,4,1/14/2019,Credit card,9.5
375-72-3056,Cairo,Mandalay,Normal,Male,Sports and travel,63.06,3,1/19/2019,Ewallet,7
127-47-6963,Alex,Yangon,Normal,Male,Health and beauty,51.71,4,3/9/2019,Credit card,9.8
278-86-2735,Alex,Yangon,Normal,Female,Food and beverages,52.34,3,3/27/2019,Cash,9.2
695-28-6250,Alex,Yangon,Normal,Female,Sports and travel,43.06,5,2/4/2019,Ewallet,7.7
379-17-6588,Giza,Naypyitaw,Normal,Male,Fashion accessories,59.61,10,3/14/2019,Cash,5.3
227-50-3718,Alex,Yangon,Normal,Male,Health and beauty,14.62,5,3/4/2019,Cash,4.4
302-15-2162,Giza,Naypyitaw,Member,Male,Health and beauty,46.53,6,3/3/2019,Credit card,4.3
788-07-8452,Giza,Naypyitaw,Member,Female,Home and lifestyle,24.24,7,1/27/2019,Ewallet,9.4
560-49-6611,Alex,Yangon,Member,Female,Sports and travel,45.58,1,2/7/2019,Cash,9.8
880-35-0356,Alex,Yangon,Member,Female,Sports and travel,75.2,3,2/5/2019,Ewallet,4.8
585-11-6748,Cairo,Mandalay,Member,Male,Sports and travel,96.8,3,3/15/2019,Cash,5.3
470-31-3286,Cairo,Mandalay,Normal,Male,Health and beauty,14.82,3,3/1/2019,Credit card,8.7
152-68-2907,Alex,Yangon,Normal,Male,Food and beverages,52.2,3,2/15/2019,Credit card,9.5
123-35-4896,Giza,Naypyitaw,Normal,Female,Sports and travel,46.66,9,2/17/2019,Ewallet,5.3
258-69-7810,Giza,Naypyitaw,Normal,Female,Fashion accessories,36.85,5,1/26/2019,Cash,9.2
334-64-2006,Alex,Yangon,Member,Female,Home and lifestyle,70.32,2,3/24/2019,Ewallet,9.6
219-61-4139,Giza,Naypyitaw,Normal,Male,Electronic accessories,83.08,1,1/23/2019,Ewallet,6.4
881-41-7302,Giza,Naypyitaw,Normal,Female,Fashion accessories,64.99,1,1/26/2019,Credit card,4.5
373-09-4567,Giza,Naypyitaw,Normal,Male,Food and beverages,77.56,10,3/14/2019,Ewallet,6.9
642-30-6693,Cairo,Mandalay,Normal,Female,Sports and travel,54.51,6,3/17/2019,Ewallet,7.8
484-22-8230,Giza,Naypyitaw,Member,Female,Fashion accessories,51.89,7,1/8/2019,Cash,4.5
830-58-2383,Cairo,Mandalay,Normal,Male,Home and lifestyle,31.75,4,2/8/2019,Cash,8.6
559-98-9873,Alex,Yangon,Member,Female,Fashion accessories,53.65,7,2/10/2019,Ewallet,5.2
544-32-5024,Giza,Naypyitaw,Member,Female,Food and beverages,49.79,4,3/28/2019,Credit card,6.4
318-12-0304,Alex,Yangon,Normal,Male,Fashion accessories,30.61,1,1/23/2019,Ewallet,5.2
349-97-8902,Cairo,Mandalay,Member,Male,Food and beverages,57.89,2,1/17/2019,Ewallet,8.9
421-95-9805,Alex,Yangon,Normal,Female,Electronic accessories,28.96,1,2/7/2019,Credit card,6.2
277-35-5865,Giza,Naypyitaw,Member,Female,Food and beverages,98.97,9,3/9/2019,Cash,6.7
789-23-8625,Cairo,Mandalay,Member,Male,Fashion accessories,93.22,3,1/24/2019,Cash,7.2
284-54-4231,Giza,Naypyitaw,Member,Male,Sports and travel,80.93,1,1/19/2019,Credit card,9
443-59-0061,Alex,Yangon,Member,Male,Food and beverages,67.45,10,2/3/2019,Ewallet,4.2
509-29-3912,Alex,Yangon,Member,Female,Sports and travel,38.72,9,3/20/2019,Ewallet,4.2
327-40-9673,Cairo,Mandalay,Member,Male,Sports and travel,72.6,6,1/13/2019,Cash,6.9
840-19-2096,Giza,Naypyitaw,Member,Male,Electronic accessories,87.91,5,3/14/2019,Ewallet,4.4
828-46-6863,Alex,Yangon,Member,Male,Food and beverages,98.53,6,1/23/2019,Credit card,4
641-96-3695,Giza,Naypyitaw,Member,Female,Fashion accessories,43.46,6,2/7/2019,Ewallet,8.5
420-97-3340,Alex,Yangon,Normal,Female,Food and beverages,71.68,3,3/28/2019,Credit card,9.2
436-54-4512,Alex,Yangon,Member,Female,Food and beverages,91.61,1,3/20/2019,Cash,9.8
670-79-6321,Cairo,Mandalay,Member,Female,Home and lifestyle,94.59,7,1/17/2019,Credit card,4.9
852-62-7105,Cairo,Mandalay,Normal,Female,Fashion accessories,83.25,10,1/12/2019,Credit card,4.4
598-06-7312,Cairo,Mandalay,Member,Male,Fashion accessories,91.35,1,2/16/2019,Cash,6.8
135-13-8269,Cairo,Mandalay,Member,Female,Food and beverages,78.88,2,1/26/2019,Cash,9.1
816-57-2053,Alex,Yangon,Normal,Male,Sports and travel,60.87,2,3/9/2019,Ewallet,8.7
628-90-8624,Cairo,Mandalay,Member,Male,Health and beauty,82.58,10,3/14/2019,Cash,5
856-66-2701,Alex,Yangon,Member,Male,Home and lifestyle,53.3,3,1/25/2019,Ewallet,7.5
308-39-1707,Alex,Yangon,Normal,Female,Fashion accessories,12.09,1,1/26/2019,Credit card,8.2
149-61-1929,Alex,Yangon,Normal,Male,Sports and travel,64.19,10,1/19/2019,Credit card,6.7
655-07-2265,Alex,Yangon,Normal,Male,Electronic accessories,78.31,3,3/5/2019,Ewallet,5.4
589-02-8023,Alex,Yangon,Member,Male,Food and beverages,83.77,2,1/15/2019,Credit card,7
420-04-7590,Cairo,Mandalay,Normal,Male,Home and lifestyle,99.7,3,3/18/2019,Ewallet,4.7
182-88-2763,Cairo,Mandalay,Member,Male,Food and beverages,79.91,3,3/20/2019,Credit card,5
188-55-0967,Cairo,Mandalay,Member,Male,Health and beauty,66.47,10,1/15/2019,Credit card,5
610-46-4100,Alex,Yangon,Normal,Male,Health and beauty,28.95,7,3/3/2019,Credit card,6
318-81-2368,Giza,Naypyitaw,Normal,Female,Electronic accessories,46.2,1,3/19/2019,Cash,6.3
364-33-8584,Cairo,Mandalay,Member,Female,Food and beverages,17.63,5,3/8/2019,Cash,8.5
665-63-9737,Cairo,Mandalay,Normal,Male,Fashion accessories,52.42,3,2/27/2019,Ewallet,7.5
695-09-5146,Cairo,Mandalay,Member,Female,Food and beverages,98.79,3,2/23/2019,Ewallet,6.4
155-45-3814,Giza,Naypyitaw,Member,Female,Electronic accessories,88.55,8,3/19/2019,Ewallet,4.7
794-32-2436,Cairo,Mandalay,Member,Male,Electronic accessories,55.67,2,3/27/2019,Ewallet,6
131-15-8856,Giza,Naypyitaw,Member,Female,Food and beverages,72.52,8,3/30/2019,Credit card,4
273-84-2164,Giza,Naypyitaw,Member,Male,Electronic accessories,12.05,5,2/16/2019,Ewallet,5.5
706-36-6154,Alex,Yangon,Member,Male,Home and lifestyle,19.36,9,1/18/2019,Ewallet,8.7
778-89-7974,Giza,Naypyitaw,Normal,Male,Health and beauty,70.21,6,3/30/2019,Cash,7.4
574-31-8277,Cairo,Mandalay,Member,Male,Fashion accessories,33.63,1,3/20/2019,Cash,5.6
859-71-0933,Giza,Naypyitaw,Member,Female,Sports and travel,15.49,2,1/16/2019,Cash,6.3
740-11-5257,Giza,Naypyitaw,Normal,Male,Electronic accessories,24.74,10,2/24/2019,Cash,7.1
369-82-2676,Cairo,Mandalay,Normal,Male,Electronic accessories,75.66,5,1/15/2019,Ewallet,7.8
563-47-4072,Cairo,Mandalay,Normal,Female,Health and beauty,55.81,6,1/22/2019,Cash,9.9
742-04-5161,Alex,Yangon,Member,Male,Home and lifestyle,72.78,10,2/3/2019,Cash,7.3
149-15-7606,Cairo,Mandalay,Member,Male,Sports and travel,37.32,9,3/6/2019,Ewallet,5.1
133-77-3154,Cairo,Mandalay,Member,Male,Fashion accessories,60.18,4,2/16/2019,Credit card,9.4
169-52-4504,Alex,Yangon,Normal,Female,Electronic accessories,15.69,3,3/14/2019,Credit card,5.8
250-81-7186,Giza,Naypyitaw,Normal,Female,Electronic accessories,99.69,1,2/27/2019,Credit card,8
562-12-5430,Alex,Yangon,Member,Female,Fashion accessories,88.15,3,1/18/2019,Ewallet,7.9
816-72-8853,Alex,Yangon,Member,Female,Sports and travel,27.93,5,1/29/2019,Cash,5.9
491-38-3499,Alex,Yangon,Member,Male,Fashion accessories,55.45,1,2/26/2019,Credit card,4.9
322-02-2271,Cairo,Mandalay,Normal,Female,Sports and travel,42.97,3,2/3/2019,Cash,9.3
842-29-4695,Giza,Naypyitaw,Member,Male,Sports and travel,17.14,7,1/16/2019,Credit card,7.9
725-67-2480,Cairo,Mandalay,Member,Female,Fashion accessories,58.75,6,3/24/2019,Credit card,5.9
641-51-2661,Giza,Naypyitaw,Member,Female,Food and beverages,87.1,10,2/12/2019,Credit card,9.9
714-02-3114,Giza,Naypyitaw,Normal,Female,Sports and travel,98.8,2,2/21/2019,Cash,7.7
518-17-2983,Alex,Yangon,Normal,Female,Fashion accessories,48.63,4,2/4/2019,Ewallet,7.6
779-42-2410,Cairo,Mandalay,Member,Male,Food and beverages,57.74,3,2/20/2019,Ewallet,7.7
190-14-3147,Cairo,Mandalay,Normal,Female,Health and beauty,17.97,4,2/23/2019,Ewallet,6.4
408-66-6712,Giza,Naypyitaw,Member,Female,Health and beauty,47.71,6,2/16/2019,Ewallet,4.4
679-22-6530,Cairo,Mandalay,Normal,Female,Sports and travel,40.62,2,1/17/2019,Credit card,4.1
588-47-8641,Alex,Yangon,Member,Male,Fashion accessories,56.04,10,1/14/2019,Ewallet,4.4
642-61-4706,Cairo,Mandalay,Member,Male,Food and beverages,93.4,2,3/30/2019,Cash,5.5
576-31-4774,Cairo,Mandalay,Normal,Female,Health and beauty,73.41,3,3/2/2019,Ewallet,4
556-41-6224,Giza,Naypyitaw,Normal,Male,Health and beauty,33.64,8,2/15/2019,Credit card,9.3
811-03-8790,Alex,Yangon,Normal,Female,Electronic accessories,45.48,10,3/1/2019,Credit card,4.8
242-11-3142,Cairo,Mandalay,Member,Male,Fashion accessories,83.77,2,2/24/2019,Cash,4.6
752-23-3760,Cairo,Mandalay,Member,Female,Sports and travel,64.08,7,2/19/2019,Credit card,7.3
274-05-5470,Alex,Yangon,Member,Female,Food and beverages,73.47,4,2/23/2019,Cash,6
648-94-3045,Giza,Naypyitaw,Normal,Male,Health and beauty,58.95,10,2/7/2019,Ewallet,8.1
130-67-4723,Alex,Yangon,Member,Male,Food and beverages,48.5,6,1/11/2019,Ewallet,9.4
528-87-5606,Cairo,Mandalay,Member,Female,Electronic accessories,39.48,1,2/12/2019,Cash,6.5
320-85-2052,Cairo,Mandalay,Normal,Female,Sports and travel,34.81,1,1/14/2019,Credit card,7
370-96-0655,Giza,Naypyitaw,Normal,Female,Fashion accessories,49.32,6,1/9/2019,Ewallet,7.1
105-10-6182,Alex,Yangon,Member,Male,Fashion accessories,21.48,2,2/27/2019,Ewallet,6.6
510-79-0415,Cairo,Mandalay,Member,Female,Sports and travel,23.08,6,1/24/2019,Ewallet,4.9
241-96-5076,Cairo,Mandalay,Member,Female,Home and lifestyle,49.1,2,1/8/2019,Credit card,6.4
767-97-4650,Cairo,Mandalay,Member,Female,Sports and travel,64.83,2,1/8/2019,Credit card,8
648-83-1321,Alex,Yangon,Member,Male,Home and lifestyle,63.56,10,1/16/2019,Cash,4.3
173-57-2300,Giza,Naypyitaw,Member,Male,Sports and travel,72.88,2,3/13/2019,Cash,6.1
305-03-2383,Alex,Yangon,Normal,Female,Food and beverages,67.1,3,2/15/2019,Cash,7.5
394-55-6384,Giza,Naypyitaw,Member,Female,Sports and travel,70.19,9,1/25/2019,Cash,6.7
266-20-6657,Giza,Naypyitaw,Member,Male,Food and beverages,55.04,7,3/12/2019,Ewallet,5.2
689-05-1884,Alex,Yangon,Member,Male,Health and beauty,48.63,10,3/4/2019,Cash,8.8
196-01-2849,Giza,Naypyitaw,Member,Female,Fashion accessories,73.38,7,2/10/2019,Cash,9.5
372-62-5264,Giza,Naypyitaw,Normal,Female,Food and beverages,52.6,9,1/16/2019,Cash,7.6
800-09-8606,Alex,Yangon,Member,Female,Home and lifestyle,87.37,5,1/29/2019,Cash,6.6
182-52-7000,Alex,Yangon,Member,Female,Sports and travel,27.04,4,1/1/2019,Ewallet,6.9
826-58-8051,Cairo,Mandalay,Normal,Male,Home and lifestyle,62.19,4,1/6/2019,Ewallet,4.3
868-06-0466,Alex,Yangon,Member,Male,Electronic accessories,69.58,9,2/19/2019,Credit card,7.8
751-41-9720,Giza,Naypyitaw,Normal,Male,Home and lifestyle,97.5,10,1/12/2019,Ewallet,8
626-43-7888,Giza,Naypyitaw,Normal,Female,Fashion accessories,60.41,8,2/7/2019,Ewallet,9.6
176-64-7711,Cairo,Mandalay,Normal,Male,Food and beverages,32.32,3,3/27/2019,Credit card,4.3
191-29-0321,Cairo,Mandalay,Member,Female,Fashion accessories,19.77,10,2/27/2019,Credit card,5
729-06-2010,Cairo,Mandalay,Member,Male,Health and beauty,80.47,9,1/6/2019,Cash,9.2
640-48-5028,Cairo,Mandalay,Member,Female,Home and lifestyle,88.39,9,3/2/2019,Cash,6.3
186-79-9562,Cairo,Mandalay,Normal,Male,Health and beauty,71.77,7,3/29/2019,Cash,8.9
834-45-5519,Cairo,Mandalay,Normal,Female,Electronic accessories,43,4,1/31/2019,Ewallet,7.6
162-65-8559,Giza,Naypyitaw,Member,Male,Food and beverages,68.98,1,1/21/2019,Cash,4.8
760-27-5490,Giza,Naypyitaw,Normal,Male,Fashion accessories,15.62,8,1/20/2019,Ewallet,9.1
445-30-9252,Alex,Yangon,Normal,Male,Sports and travel,25.7,3,1/17/2019,Ewallet,6.1
786-94-2700,Alex,Yangon,Member,Male,Food and beverages,80.62,6,2/28/2019,Cash,9.1
728-88-7867,Giza,Naypyitaw,Member,Female,Home and lifestyle,75.53,4,3/19/2019,Ewallet,8.3
183-21-3799,Giza,Naypyitaw,Normal,Female,Electronic accessories,77.63,9,2/19/2019,Ewallet,7.2
268-20-3585,Giza,Naypyitaw,Normal,Female,Health and beauty,13.85,9,2/4/2019,Ewallet,6
735-32-9839,Giza,Naypyitaw,Member,Male,Fashion accessories,98.7,8,1/31/2019,Ewallet,8.5
258-92-7466,Alex,Yangon,Normal,Female,Health and beauty,35.68,5,2/6/2019,Credit card,6.6
857-16-3520,Alex,Yangon,Member,Female,Fashion accessories,71.46,7,3/28/2019,Ewallet,4.5
482-17-1179,Alex,Yangon,Member,Male,Electronic accessories,11.94,3,1/19/2019,Credit card,8.1
788-21-5741,Alex,Yangon,Normal,Male,Fashion accessories,45.38,3,2/17/2019,Credit card,7.2
821-14-9046,Cairo,Mandalay,Member,Female,Fashion accessories,17.48,6,1/18/2019,Credit card,6.1
418-05-0656,Cairo,Mandalay,Normal,Female,Fashion accessories,25.56,7,2/2/2019,Cash,7.1
678-79-0726,Giza,Naypyitaw,Member,Female,Sports and travel,90.63,9,1/18/2019,Cash,5.1
776-68-1096,Cairo,Mandalay,Normal,Male,Home and lifestyle,44.12,3,3/18/2019,Credit card,7.9
592-46-1692,Giza,Naypyitaw,Member,Female,Food and beverages,36.77,7,1/11/2019,Cash,7.4
434-35-9162,Cairo,Mandalay,Member,Male,Food and beverages,23.34,4,2/4/2019,Ewallet,7.4
149-14-0304,Giza,Naypyitaw,Member,Female,Health and beauty,28.5,8,2/6/2019,Cash,6.6
442-44-6497,Giza,Naypyitaw,Member,Male,Home and lifestyle,55.57,3,1/8/2019,Credit card,5.9
174-64-0215,Cairo,Mandalay,Normal,Male,Sports and travel,69.74,10,3/5/2019,Credit card,8.9
210-74-9613,Giza,Naypyitaw,Normal,Male,Fashion accessories,97.26,4,3/16/2019,Ewallet,6.8
299-29-0180,Cairo,Mandalay,Member,Female,Home and lifestyle,52.18,7,3/9/2019,Cash,9.3
247-11-2470,Alex,Yangon,Member,Female,Fashion accessories,22.32,4,3/1/2019,Credit card,4.4
635-28-5728,Alex,Yangon,Normal,Male,Health and beauty,56,3,2/28/2019,Ewallet,4.8
756-49-0168,Alex,Yangon,Member,Male,Fashion accessories,19.7,1,2/8/2019,Ewallet,9.5
438-23-1242,Cairo,Mandalay,Normal,Male,Electronic accessories,75.88,7,1/24/2019,Ewallet,8.9
238-45-6950,Cairo,Mandalay,Member,Male,Food and beverages,53.72,1,3/1/2019,Ewallet,6.4
607-65-2441,Giza,Naypyitaw,Member,Male,Health and beauty,81.95,10,3/10/2019,Credit card,6
386-27-7606,Giza,Naypyitaw,Member,Female,Home and lifestyle,81.2,7,3/23/2019,Credit card,8.1
137-63-5492,Giza,Naypyitaw,Normal,Male,Electronic accessories,58.76,10,1/29/2019,Ewallet,9
197-77-7132,Cairo,Mandalay,Member,Male,Electronic accessories,91.56,8,1/12/2019,Ewallet,6
805-86-0265,Alex,Yangon,Normal,Male,Home and lifestyle,93.96,9,3/20/2019,Cash,9.8
733-29-1227,Giza,Naypyitaw,Normal,Male,Home and lifestyle,55.61,7,3/23/2019,Cash,8.5
451-73-2711,Giza,Naypyitaw,Normal,Male,Food and beverages,84.83,1,1/14/2019,Ewallet,8.8
373-14-0504,Alex,Yangon,Member,Female,Sports and travel,71.63,2,2/12/2019,Ewallet,8.8
546-80-2899,Alex,Yangon,Member,Male,Home and lifestyle,37.69,2,2/20/2019,Ewallet,9.5
345-68-9016,Giza,Naypyitaw,Member,Female,Sports and travel,31.67,8,1/2/2019,Credit card,5.6
390-17-5806,Giza,Naypyitaw,Member,Female,Food and beverages,38.42,1,2/2/2019,Cash,8.6
457-13-1708,Cairo,Mandalay,Member,Male,Fashion accessories,65.23,10,1/8/2019,Credit card,5.2
664-14-2882,Giza,Naypyitaw,Member,Female,Home and lifestyle,10.53,5,1/30/2019,Credit card,5.8
487-79-6868,Cairo,Mandalay,Member,Female,Home and lifestyle,12.29,9,3/26/2019,Credit card,8
314-23-4520,Giza,Naypyitaw,Member,Male,Health and beauty,81.23,7,1/15/2019,Cash,9
210-30-7976,Cairo,Mandalay,Member,Female,Fashion accessories,22.32,4,3/14/2019,Ewallet,4.1
585-86-8361,Alex,Yangon,Normal,Female,Food and beverages,27.28,5,2/3/2019,Credit card,8.6
807-14-7833,Alex,Yangon,Member,Female,Electronic accessories,17.42,10,2/22/2019,Ewallet,7
775-72-1988,Cairo,Mandalay,Normal,Male,Home and lifestyle,73.28,5,1/24/2019,Ewallet,8.4
288-38-3758,Giza,Naypyitaw,Member,Female,Fashion accessories,84.87,3,1/25/2019,Ewallet,7.4
652-43-6591,Alex,Yangon,Normal,Female,Fashion accessories,97.29,8,3/9/2019,Credit card,6.2
785-96-0615,Cairo,Mandalay,Member,Female,Electronic accessories,35.74,8,2/17/2019,Ewallet,4.9
406-46-7107,Alex,Yangon,Normal,Female,Home and lifestyle,96.52,6,1/11/2019,Cash,4.5
250-17-5703,Alex,Yangon,Member,Male,Food and beverages,18.85,10,2/27/2019,Ewallet,5.6
156-95-3964,Alex,Yangon,Normal,Female,Food and beverages,55.39,4,3/25/2019,Ewallet,8
842-40-8179,Cairo,Mandalay,Member,Female,Food and beverages,77.2,10,2/11/2019,Credit card,5.6
525-09-8450,Cairo,Mandalay,Normal,Male,Electronic accessories,72.13,10,1/31/2019,Credit card,4.2
410-67-1709,Alex,Yangon,Member,Female,Fashion accessories,63.88,8,1/20/2019,Ewallet,9.9
587-73-4862,Alex,Yangon,Member,Female,Health and beauty,10.69,5,3/26/2019,Ewallet,7.6
787-87-2010,Alex,Yangon,Member,Male,Health and beauty,55.5,4,1/20/2019,Credit card,6.6
593-14-4239,Cairo,Mandalay,Normal,Female,Home and lifestyle,95.46,8,3/5/2019,Ewallet,4.7
801-88-0346,Giza,Naypyitaw,Normal,Female,Fashion accessories,76.06,3,1/5/2019,Credit card,9.8
388-76-2555,Cairo,Mandalay,Normal,Male,Sports and travel,13.69,6,2/13/2019,Cash,6.3
711-31-1234,Cairo,Mandalay,Normal,Female,Electronic accessories,95.64,4,3/16/2019,Cash,7.9
886-54-6089,Alex,Yangon,Normal,Female,Home and lifestyle,11.43,6,1/15/2019,Cash,7.7
707-32-7409,Cairo,Mandalay,Member,Female,Sports and travel,95.54,4,2/26/2019,Ewallet,4.5
759-98-4285,Giza,Naypyitaw,Member,Female,Health and beauty,85.87,7,2/27/2019,Credit card,8
201-63-8275,Giza,Naypyitaw,Member,Female,Sports and travel,67.99,7,2/17/2019,Ewallet,5.7
471-06-8611,Giza,Naypyitaw,Normal,Female,Food and beverages,52.42,1,2/6/2019,Credit card,6.3
200-16-5952,Giza,Naypyitaw,Member,Male,Food and beverages,65.65,2,1/17/2019,Cash,6
120-54-2248,Cairo,Mandalay,Normal,Female,Food and beverages,28.86,5,1/22/2019,Credit card,8
102-77-2261,Giza,Naypyitaw,Member,Male,Health and beauty,65.31,7,3/5/2019,Credit card,4.2
875-31-8302,Cairo,Mandalay,Normal,Male,Sports and travel,93.38,1,1/3/2019,Cash,9.6
102-06-2002,Giza,Naypyitaw,Member,Male,Sports and travel,25.25,5,3/20/2019,Cash,6.1
457-94-0464,Cairo,Mandalay,Member,Male,Electronic accessories,87.87,9,1/31/2019,Ewallet,5.6
629-42-4133,Giza,Naypyitaw,Normal,Male,Health and beauty,21.8,8,2/19/2019,Cash,8.3
534-53-3526,Alex,Yangon,Normal,Female,Sports and travel,94.76,4,2/11/2019,Ewallet,7.8
307-04-2070,Alex,Yangon,Member,Female,Fashion accessories,30.62,1,2/5/2019,Credit card,4.1
468-99-7231,Giza,Naypyitaw,Normal,Female,Home and lifestyle,44.01,8,3/3/2019,Cash,8.8
516-77-6464,Giza,Naypyitaw,Member,Female,Health and beauty,10.16,5,2/24/2019,Ewallet,4.1
404-91-5964,Alex,Yangon,Normal,Male,Electronic accessories,74.58,7,2/4/2019,Credit card,9
886-77-9084,Giza,Naypyitaw,Normal,Male,Electronic accessories,71.89,8,2/19/2019,Ewallet,5.5
790-38-4466,Giza,Naypyitaw,Normal,Female,Health and beauty,10.99,5,1/23/2019,Credit card,9.3
704-10-4056,Giza,Naypyitaw,Member,Male,Health and beauty,60.47,3,1/14/2019,Credit card,5.6
497-37-6538,Alex,Yangon,Normal,Male,Sports and travel,58.91,7,1/17/2019,Ewallet,9.7
651-96-5970,Alex,Yangon,Normal,Male,Fashion accessories,46.41,1,3/3/2019,Credit card,4
400-80-4065,Giza,Naypyitaw,Member,Male,Health and beauty,68.55,4,2/15/2019,Credit card,9.2
744-16-7898,Cairo,Mandalay,Normal,Female,Home and lifestyle,97.37,10,1/15/2019,Credit card,4.9
263-12-5321,Alex,Yangon,Member,Male,Electronic accessories,92.6,7,2/27/2019,Credit card,9.3
702-72-0487,Alex,Yangon,Normal,Female,Electronic accessories,46.61,2,2/26/2019,Credit card,6.6
605-83-1050,Cairo,Mandalay,Normal,Male,Fashion accessories,27.18,2,3/15/2019,Ewallet,4.3
443-60-9639,Giza,Naypyitaw,Member,Female,Home and lifestyle,60.87,1,1/24/2019,Cash,5.5
864-24-7918,Alex,Yangon,Member,Female,Sports and travel,24.49,10,2/22/2019,Cash,8.1
359-94-5395,Cairo,Mandalay,Normal,Male,Health and beauty,92.78,1,3/15/2019,Credit card,9.8
401-09-4232,Giza,Naypyitaw,Member,Male,Home and lifestyle,86.69,5,2/11/2019,Ewallet,9.4
751-15-6198,Cairo,Mandalay,Normal,Male,Sports and travel,23.01,6,1/12/2019,Ewallet,7.9
324-41-6833,Giza,Naypyitaw,Member,Female,Electronic accessories,30.2,8,3/3/2019,Ewallet,5.1
474-33-8305,Giza,Naypyitaw,Member,Male,Fashion accessories,67.39,7,3/23/2019,Ewallet,6.9
759-29-9521,Alex,Yangon,Member,Female,Fashion accessories,48.96,9,3/4/2019,Cash,8
831-81-6575,Cairo,Mandalay,Member,Female,Electronic accessories,75.59,9,2/23/2019,Cash,8
220-68-6701,Alex,Yangon,Normal,Female,Home and lifestyle,77.47,4,3/17/2019,Cash,4.2
618-34-8551,Alex,Yangon,Normal,Female,Sports and travel,93.18,2,1/16/2019,Credit card,8.5
257-60-7754,Alex,Yangon,Normal,Female,Electronic accessories,50.23,4,1/8/2019,Cash,9
559-61-5987,Cairo,Mandalay,Normal,Female,Health and beauty,17.75,1,1/14/2019,Cash,8.6
189-55-2313,Giza,Naypyitaw,Normal,Female,Fashion accessories,62.18,10,1/31/2019,Ewallet,6
565-91-4567,Cairo,Mandalay,Normal,Male,Health and beauty,10.75,8,3/15/2019,Ewallet,6.2
380-60-5336,Alex,Yangon,Normal,Female,Electronic accessories,40.26,10,2/24/2019,Credit card,5
815-04-6282,Giza,Naypyitaw,Member,Female,Sports and travel,64.97,5,2/8/2019,Credit card,6.5
674-56-6360,Alex,Yangon,Normal,Male,Electronic accessories,95.15,1,3/22/2019,Cash,6
778-34-2523,Alex,Yangon,Member,Female,Electronic accessories,48.62,8,1/24/2019,Cash,5
499-27-7781,Cairo,Mandalay,Normal,Female,Food and beverages,53.21,8,3/14/2019,Ewallet,5
477-59-2456,Giza,Naypyitaw,Normal,Female,Fashion accessories,45.44,7,1/23/2019,Cash,9.2
832-51-6761,Alex,Yangon,Normal,Male,Food and beverages,33.88,8,1/19/2019,Ewallet,9.6
869-11-3082,Cairo,Mandalay,Member,Male,Health and beauty,96.16,4,1/27/2019,Credit card,8.4
190-59-3964,Cairo,Mandalay,Member,Male,Food and beverages,47.16,5,2/3/2019,Credit card,6
366-43-6862,Cairo,Mandalay,Normal,Male,Electronic accessories,52.89,4,3/25/2019,Ewallet,6.7
186-43-8965,Alex,Yangon,Member,Female,Home and lifestyle,47.68,2,2/24/2019,Credit card,4.1
784-21-9238,Giza,Naypyitaw,Member,Male,Sports and travel,10.17,1,2/7/2019,Cash,5.9
276-75-6884,Alex,Yangon,Normal,Female,Health and beauty,68.71,3,3/4/2019,Cash,8.7
109-86-4363,Cairo,Mandalay,Member,Female,Sports and travel,60.08,7,2/14/2019,Credit card,4.5
569-76-2760,Alex,Yangon,Member,Female,Sports and travel,22.01,4,1/29/2019,Credit card,6.6
222-42-0244,Cairo,Mandalay,Member,Female,Health and beauty,72.11,9,1/28/2019,Credit card,7.7
760-53-9233,Alex,Yangon,Member,Male,Fashion accessories,41.28,3,3/26/2019,Credit card,8.5
538-22-0304,Giza,Naypyitaw,Normal,Male,Electronic accessories,64.95,10,3/24/2019,Cash,5.2
416-17-9926,Alex,Yangon,Member,Female,Electronic accessories,74.22,10,1/1/2019,Credit card,4.3
237-44-6163,Alex,Yangon,Normal,Male,Electronic accessories,10.56,8,1/24/2019,Cash,7.6
636-17-0325,Cairo,Mandalay,Normal,Male,Health and beauty,62.57,4,2/25/2019,Cash,9.5
343-75-9322,Cairo,Mandalay,Member,Female,Sports and travel,11.85,8,1/9/2019,Cash,4.1
528-14-9470,Alex,Yangon,Member,Male,Health and beauty,91.3,1,2/14/2019,Ewallet,9.2
427-45-9297,Cairo,Mandalay,Member,Female,Home and lifestyle,40.73,7,3/12/2019,Ewallet,5.4
807-34-3742,Alex,Yangon,Normal,Male,Fashion accessories,52.38,1,3/26/2019,Cash,5.8
288-62-1085,Alex,Yangon,Member,Male,Fashion accessories,38.54,5,1/9/2019,Ewallet,5.6
670-71-7306,Cairo,Mandalay,Normal,Male,Sports and travel,44.63,6,1/2/2019,Credit card,5.1
660-29-7083,Giza,Naypyitaw,Normal,Male,Electronic accessories,55.87,10,1/15/2019,Cash,5.8
271-77-8740,Giza,Naypyitaw,Member,Female,Sports and travel,29.22,6,1/1/2019,Ewallet,5
497-36-0989,Alex,Yangon,Normal,Male,Fashion accessories,51.94,3,2/15/2019,Cash,7.9
291-59-1384,Cairo,Mandalay,Normal,Male,Electronic accessories,60.3,1,2/28/2019,Cash,6
860-73-6466,Alex,Yangon,Member,Female,Sports and travel,39.47,2,3/2/2019,Credit card,5
549-23-9016,Giza,Naypyitaw,Member,Female,Food and beverages,14.87,2,2/13/2019,Credit card,8.9
896-34-0956,Alex,Yangon,Normal,Male,Fashion accessories,21.32,1,1/26/2019,Cash,5.9
804-38-3935,Alex,Yangon,Member,Male,Electronic accessories,93.78,3,1/30/2019,Credit card,5.9
585-90-0249,Alex,Yangon,Member,Male,Electronic accessories,73.26,1,1/27/2019,Ewallet,9.7
862-29-5914,Giza,Naypyitaw,Normal,Female,Sports and travel,22.38,1,1/30/2019,Credit card,8.6
845-94-6841,Giza,Naypyitaw,Member,Female,Food and beverages,72.88,9,1/8/2019,Cash,4
125-45-2293,Alex,Yangon,Normal,Female,Fashion accessories,99.1,6,1/19/2019,Cash,4.2
843-73-4724,Alex,Yangon,Normal,Male,Fashion accessories,74.1,1,1/25/2019,Cash,9.2
409-33-9708,Alex,Yangon,Normal,Female,Fashion accessories,98.48,2,2/19/2019,Ewallet,9.2
658-66-3967,Giza,Naypyitaw,Normal,Male,Health and beauty,53.19,7,1/14/2019,Ewallet,5
866-70-2814,Cairo,Mandalay,Normal,Female,Electronic accessories,52.79,10,2/25/2019,Ewallet,10
160-22-2687,Alex,Yangon,Member,Female,Health and beauty,95.95,5,1/23/2019,Ewallet,8.8
895-03-6665,Cairo,Mandalay,Normal,Female,Fashion accessories,36.51,9,2/16/2019,Cash,4.2
770-42-8960,Cairo,Mandalay,Normal,Male,Food and beverages,21.12,8,1/1/2019,Cash,6.3
748-45-2862,Alex,Yangon,Member,Female,Home and lifestyle,28.31,4,3/7/2019,Cash,8.2
234-36-2483,Cairo,Mandalay,Normal,Male,Health and beauty,57.59,6,2/15/2019,Cash,5.1
316-66-3011,Alex,Yangon,Member,Female,Food and beverages,47.63,9,1/23/2019,Cash,5
848-95-6252,Giza,Naypyitaw,Member,Female,Home and lifestyle,86.27,1,2/20/2019,Ewallet,7
840-76-5966,Alex,Yangon,Member,Male,Sports and travel,12.76,2,1/8/2019,Ewallet,7.8
152-03-4217,Cairo,Mandalay,Normal,Female,Home and lifestyle,11.28,9,3/17/2019,Credit card,4.3
533-66-5566,Cairo,Mandalay,Normal,Female,Home and lifestyle,51.07,7,1/12/2019,Cash,7
124-31-1458,Alex,Yangon,Member,Female,Electronic accessories,79.59,3,1/8/2019,Cash,6.6
176-78-1170,Giza,Naypyitaw,Member,Male,Health and beauty,33.81,3,1/26/2019,Ewallet,7.3
361-59-0574,Cairo,Mandalay,Member,Male,Sports and travel,90.53,8,3/15/2019,Credit card,6.5
101-81-4070,Giza,Naypyitaw,Member,Female,Health and beauty,62.82,2,1/17/2019,Ewallet,4.9
631-34-1880,Giza,Naypyitaw,Member,Male,Food and beverages,24.31,3,1/8/2019,Credit card,4.3
852-82-2749,Alex,Yangon,Normal,Male,Sports and travel,64.59,4,1/6/2019,Ewallet,9.3
873-14-6353,Alex,Yangon,Member,Male,Food and beverages,24.82,7,2/16/2019,Credit card,7.1
584-66-4073,Giza,Naypyitaw,Normal,Male,Fashion accessories,56.5,1,3/13/2019,Ewallet,9.6
544-55-9589,Cairo,Mandalay,Member,Female,Electronic accessories,21.43,10,1/28/2019,Cash,6.2
166-19-2553,Alex,Yangon,Member,Male,Sports and travel,89.06,6,1/18/2019,Cash,9.9
737-88-5876,Alex,Yangon,Member,Male,Home and lifestyle,23.29,4,3/19/2019,Credit card,5.9
154-87-7367,Giza,Naypyitaw,Normal,Male,Home and lifestyle,65.26,8,3/15/2019,Ewallet,6.3
885-56-0389,Giza,Naypyitaw,Member,Male,Fashion accessories,52.35,1,2/12/2019,Cash,4
608-05-3804,Cairo,Mandalay,Member,Male,Electronic accessories,39.75,1,2/25/2019,Cash,6.1
448-61-3783,Alex,Yangon,Normal,Female,Electronic accessories,90.02,8,3/21/2019,Credit card,4.5
761-49-0439,Cairo,Mandalay,Member,Female,Electronic accessories,12.1,8,1/19/2019,Ewallet,8.6
490-95-0021,Cairo,Mandalay,Member,Female,Food and beverages,33.21,10,1/8/2019,Ewallet,6
115-38-7388,Giza,Naypyitaw,Member,Female,Fashion accessories,10.18,8,3/30/2019,Credit card,9.5
311-13-6971,Cairo,Mandalay,Member,Male,Sports and travel,31.99,10,2/20/2019,Credit card,9.9
291-55-6563,Alex,Yangon,Member,Female,Home and lifestyle,34.42,6,3/30/2019,Ewallet,7.5
548-48-3156,Alex,Yangon,Member,Female,Food and beverages,83.34,2,3/19/2019,Cash,7.6
460-93-5834,Alex,Yangon,Normal,Male,Sports and travel,45.58,7,1/13/2019,Cash,5
325-89-4209,Alex,Yangon,Member,Male,Food and beverages,87.9,1,2/5/2019,Ewallet,6.7
884-80-6021,Alex,Yangon,Member,Female,Electronic accessories,73.47,10,3/23/2019,Ewallet,9.5
137-74-8729,Giza,Naypyitaw,Normal,Female,Fashion accessories,12.19,8,3/13/2019,Ewallet,6.8
880-46-5796,Alex,Yangon,Member,Male,Sports and travel,76.92,10,3/17/2019,Ewallet,5.6
389-70-2397,Giza,Naypyitaw,Normal,Female,Health and beauty,83.66,5,2/21/2019,Cash,7.2
114-35-5271,Cairo,Mandalay,Normal,Female,Electronic accessories,57.91,8,2/7/2019,Cash,8.1
607-76-6216,Giza,Naypyitaw,Member,Female,Fashion accessories,92.49,5,3/2/2019,Credit card,8.6
715-20-1673,Cairo,Mandalay,Normal,Male,Electronic accessories,28.38,5,3/6/2019,Cash,9.4
811-35-1094,Cairo,Mandalay,Member,Male,Electronic accessories,50.45,6,2/6/2019,Credit card,8.9
699-88-1972,Cairo,Mandalay,Normal,Male,Health and beauty,99.16,8,1/28/2019,Credit card,4.2
781-84-8059,Giza,Naypyitaw,Normal,Male,Fashion accessories,60.74,7,1/18/2019,Ewallet,5
409-49-6995,Giza,Naypyitaw,Member,Female,Food and beverages,47.27,6,2/5/2019,Cash,8.8
725-54-0677,Giza,Naypyitaw,Member,Male,Health and beauty,85.6,7,3/2/2019,Cash,5.3
146-09-5432,Alex,Yangon,Member,Male,Food and beverages,35.04,9,2/9/2019,Ewallet,4.6
377-79-7592,Giza,Naypyitaw,Member,Female,Electronic accessories,44.84,9,1/14/2019,Credit card,7.5
509-10-0516,Cairo,Mandalay,Normal,Male,Home and lifestyle,45.97,4,2/9/2019,Ewallet,5.1
595-94-9924,Alex,Yangon,Member,Female,Health and beauty,27.73,5,3/26/2019,Credit card,4.2
865-41-9075,Alex,Yangon,Normal,Male,Food and beverages,11.53,7,1/28/2019,Cash,8.1
545-07-8534,Giza,Naypyitaw,Normal,Female,Health and beauty,58.32,2,2/14/2019,Ewallet,6
118-62-1812,Giza,Naypyitaw,Member,Female,Home and lifestyle,78.38,4,3/24/2019,Cash,7.9
450-42-3339,Giza,Naypyitaw,Normal,Male,Health and beauty,84.61,10,2/9/2019,Credit card,8.8
851-98-3555,Cairo,Mandalay,Normal,Female,Health and beauty,82.88,5,3/24/2019,Credit card,6.6
186-71-5196,Alex,Yangon,Member,Female,Food and beverages,79.54,2,3/27/2019,Ewallet,6.2
624-01-8356,Cairo,Mandalay,Normal,Female,Home and lifestyle,49.01,10,1/27/2019,Credit card,4.2
313-66-9943,Cairo,Mandalay,Member,Female,Food and beverages,29.15,3,3/27/2019,Credit card,7.3
151-27-8496,Giza,Naypyitaw,Normal,Female,Electronic accessories,56.13,4,1/19/2019,Ewallet,8.6
453-33-6436,Alex,Yangon,Normal,Female,Home and lifestyle,93.12,8,2/7/2019,Cash,6.8
522-57-8364,Alex,Yangon,Member,Male,Fashion accessories,51.34,8,1/31/2019,Ewallet,7.6
459-45-2396,Alex,Yangon,Member,Female,Food and beverages,99.6,3,2/25/2019,Cash,5.8
717-96-4189,Giza,Naypyitaw,Normal,Female,Electronic accessories,35.49,6,2/2/2019,Cash,4.1
722-13-2115,Giza,Naypyitaw,Member,Male,Sports and travel,42.85,1,3/14/2019,Credit card,9.3
749-81-8133,Alex,Yangon,Normal,Female,Fashion accessories,94.67,4,3/11/2019,Cash,6.8
777-67-2495,Cairo,Mandalay,Normal,Male,Home and lifestyle,68.97,3,2/22/2019,Ewallet,8.7
636-98-3364,Cairo,Mandalay,Member,Female,Electronic accessories,26.26,3,3/2/2019,Ewallet,6.3
246-55-6923,Giza,Naypyitaw,Member,Female,Home and lifestyle,35.79,9,3/10/2019,Credit card,5.1
181-82-6255,Cairo,Mandalay,Normal,Female,Home and lifestyle,16.37,6,2/8/2019,Cash,7
838-02-1821,Giza,Naypyitaw,Member,Female,Home and lifestyle,12.73,2,2/22/2019,Credit card,5.2
887-42-0517,Giza,Naypyitaw,Normal,Female,Sports and travel,83.14,7,1/10/2019,Credit card,6.6
457-12-0244,Giza,Naypyitaw,Member,Female,Sports and travel,35.22,6,3/14/2019,Ewallet,6.5
226-34-0034,Cairo,Mandalay,Normal,Female,Electronic accessories,13.78,4,1/10/2019,Ewallet,9
321-49-7382,Cairo,Mandalay,Member,Male,Sports and travel,88.31,1,2/15/2019,Credit card,5.2
397-25-8725,Alex,Yangon,Member,Female,Health and beauty,39.62,9,1/13/2019,Credit card,6.8
431-66-2305,Cairo,Mandalay,Normal,Female,Electronic accessories,88.25,9,2/15/2019,Credit card,7.6
825-94-5922,Cairo,Mandalay,Normal,Male,Sports and travel,25.31,2,3/2/2019,Ewallet,7.2
641-62-7288,Cairo,Mandalay,Normal,Male,Home and lifestyle,99.92,6,3/24/2019,Ewallet,7.1
756-93-1854,Giza,Naypyitaw,Member,Female,Fashion accessories,83.35,2,2/2/2019,Credit card,9.5
243-55-8457,Alex,Yangon,Normal,Female,Food and beverages,74.44,10,2/27/2019,Ewallet,5.1
458-10-8612,Giza,Naypyitaw,Normal,Male,Health and beauty,64.08,7,1/20/2019,Ewallet,7.6
501-61-1753,Cairo,Mandalay,Normal,Female,Home and lifestyle,63.15,6,1/3/2019,Ewallet,9.8
235-06-8510,Giza,Naypyitaw,Member,Male,Home and lifestyle,85.72,3,1/24/2019,Ewallet,5.1
433-08-7822,Giza,Naypyitaw,Normal,Female,Health and beauty,78.89,7,1/5/2019,Ewallet,7.5
361-85-2571,Alex,Yangon,Normal,Female,Sports and travel,89.48,5,3/30/2019,Cash,7.4
131-70-8179,Alex,Yangon,Member,Female,Health and beauty,92.09,3,2/17/2019,Cash,4.2
500-02-2261,Giza,Naypyitaw,Normal,Female,Food and beverages,57.29,6,3/21/2019,Ewallet,5.9
720-72-2436,Alex,Yangon,Normal,Male,Food and beverages,66.52,4,3/2/2019,Ewallet,6.9
702-83-5291,Giza,Naypyitaw,Member,Male,Fashion accessories,99.82,9,3/27/2019,Cash,6.6
809-69-9497,Alex,Yangon,Normal,Female,Home and lifestyle,45.68,10,1/19/2019,Ewallet,5.7
449-16-6770,Alex,Yangon,Normal,Male,Health and beauty,50.79,5,2/19/2019,Credit card,5.3
333-23-2632,Alex,Yangon,Member,Male,Health and beauty,10.08,7,3/28/2019,Cash,4.2
489-82-1237,Alex,Yangon,Normal,Female,Electronic accessories,93.88,7,1/5/2019,Credit card,7.3
859-97-6048,Giza,Naypyitaw,Member,Male,Electronic accessories,84.25,2,3/26/2019,Credit card,5.3
676-10-2200,Cairo,Mandalay,Member,Male,Fashion accessories,53.78,1,2/3/2019,Ewallet,4.7
373-88-1424,Giza,Naypyitaw,Member,Male,Home and lifestyle,35.81,5,2/6/2019,Ewallet,7.9
365-16-4334,Cairo,Mandalay,Normal,Female,Food and beverages,26.43,8,2/24/2019,Ewallet,8.9
503-21-4385,Cairo,Mandalay,Member,Male,Health and beauty,39.91,3,2/21/2019,Ewallet,9.3
305-89-2768,Cairo,Mandalay,Member,Female,Home and lifestyle,21.9,3,1/9/2019,Ewallet,4.7
574-80-1489,Cairo,Mandalay,Member,Female,Food and beverages,62.85,4,2/25/2019,Ewallet,8.7
784-08-0310,Giza,Naypyitaw,Member,Female,Food and beverages,21.04,4,1/13/2019,Cash,7.6
200-40-6154,Cairo,Mandalay,Member,Male,Home and lifestyle,65.91,6,2/9/2019,Cash,5.7
846-10-0341,Alex,Yangon,Normal,Female,Fashion accessories,42.57,7,1/6/2019,Cash,6.8
577-34-7579,Giza,Naypyitaw,Member,Male,Food and beverages,50.49,9,1/10/2019,Cash,5.4
430-02-3888,Cairo,Mandalay,Normal,Male,Electronic accessories,46.02,6,2/7/2019,Cash,7.1
867-47-1948,Giza,Naypyitaw,Normal,Female,Home and lifestyle,15.8,10,1/9/2019,Cash,7.8
384-59-6655,Alex,Yangon,Member,Female,Food and beverages,98.66,9,2/19/2019,Cash,8.4
256-58-3609,Giza,Naypyitaw,Member,Male,Fashion accessories,91.98,1,3/18/2019,Cash,9.8
324-92-3863,Alex,Yangon,Member,Male,Electronic accessories,20.89,2,2/5/2019,Cash,9.8
593-08-5916,Alex,Yangon,Normal,Female,Fashion accessories,15.5,1,3/19/2019,Credit card,7.4
364-34-2972,Giza,Naypyitaw,Member,Male,Electronic accessories,96.82,3,3/30/2019,Cash,6.7
794-42-3736,Cairo,Mandalay,Normal,Male,Food and beverages,33.33,2,1/26/2019,Credit card,6.4
172-42-8274,Cairo,Mandalay,Normal,Female,Electronic accessories,38.27,2,3/2/2019,Credit card,5.8
558-60-5016,Alex,Yangon,Normal,Female,Home and lifestyle,33.3,9,3/4/2019,Ewallet,7.2
195-06-0432,Alex,Yangon,Member,Male,Home and lifestyle,81.01,3,1/13/2019,Credit card,9.3
605-03-2706,Alex,Yangon,Normal,Female,Health and beauty,15.8,3,3/25/2019,Cash,9.5
214-30-2776,Cairo,Mandalay,Member,Female,Electronic accessories,34.49,5,3/11/2019,Credit card,9
746-04-1077,Cairo,Mandalay,Member,Female,Food and beverages,84.63,10,1/1/2019,Credit card,9
448-34-8700,Cairo,Mandalay,Member,Male,Home and lifestyle,36.91,7,2/10/2019,Ewallet,6.7
452-04-8808,Cairo,Mandalay,Normal,Male,Electronic accessories,87.08,7,1/26/2019,Cash,5.5
531-56-4728,Alex,Yangon,Normal,Male,Home and lifestyle,80.08,3,2/11/2019,Cash,5.4
744-82-9138,Giza,Naypyitaw,Normal,Male,Fashion accessories,86.13,2,2/7/2019,Cash,8.2
883-69-1285,Cairo,Mandalay,Member,Male,Fashion accessories,49.92,2,3/6/2019,Credit card,7
221-25-5073,Alex,Yangon,Normal,Female,Food and beverages,74.66,4,3/4/2019,Cash,8.5
518-71-6847,Cairo,Mandalay,Member,Male,Food and beverages,26.6,6,2/26/2019,Ewallet,4.9
156-20-0370,Cairo,Mandalay,Normal,Female,Electronic accessories,25.45,1,3/10/2019,Credit card,5.1
151-33-7434,Cairo,Mandalay,Normal,Female,Food and beverages,67.77,1,2/4/2019,Credit card,6.5
728-47-9078,Giza,Naypyitaw,Member,Male,Food and beverages,59.59,4,1/19/2019,Cash,9.8
809-46-1866,Alex,Yangon,Normal,Male,Health and beauty,58.15,4,1/23/2019,Cash,8.4
139-32-4183,Alex,Yangon,Member,Female,Sports and travel,97.48,9,3/14/2019,Ewallet,7.4
148-41-7930,Giza,Naypyitaw,Normal,Male,Health and beauty,99.96,7,1/23/2019,Cash,6.1
189-40-5216,Giza,Naypyitaw,Normal,Male,Electronic accessories,96.37,7,1/9/2019,Cash,6
374-38-5555,Cairo,Mandalay,Normal,Female,Fashion accessories,63.71,5,2/7/2019,Ewallet,8.5
764-44-8999,Cairo,Mandalay,Normal,Female,Health and beauty,14.76,2,2/18/2019,Ewallet,4.3
552-44-5977,Cairo,Mandalay,Member,Male,Health and beauty,62,8,1/3/2019,Credit card,6.2
267-62-7380,Giza,Naypyitaw,Member,Male,Electronic accessories,82.34,10,3/29/2019,Ewallet,4.3
430-53-4718,Cairo,Mandalay,Member,Male,Health and beauty,75.37,8,1/28/2019,Credit card,8.4
886-18-2897,Alex,Yangon,Normal,Female,Food and beverages,56.56,5,3/22/2019,Credit card,4.5
602-16-6955,Cairo,Mandalay,Normal,Female,Sports and travel,76.6,10,1/24/2019,Ewallet,6
745-74-0715,Alex,Yangon,Normal,Male,Electronic accessories,58.03,2,3/10/2019,Ewallet,8.8
690-01-6631,Cairo,Mandalay,Normal,Male,Fashion accessories,17.49,10,2/22/2019,Ewallet,6.6
652-49-6720,Giza,Naypyitaw,Member,Female,Electronic accessories,60.95,1,2/18/2019,Ewallet,5.9
233-67-5758,Giza,Naypyitaw,Normal,Male,Health and beauty,40.35,1,1/29/2019,Ewallet,6.2
303-96-2227,Cairo,Mandalay,Normal,Female,Home and lifestyle,97.38,10,3/2/2019,Ewallet,4.4
727-02-1313,Alex,Yangon,Member,Male,Food and beverages,31.84,1,2/9/2019,Cash,7.7
347-56-2442,Alex,Yangon,Normal,Male,Home and lifestyle,65.82,1,2/22/2019,Cash,4.1
849-09-3807,Alex,Yangon,Member,Female,Fashion accessories,88.34,7,2/18/2019,Cash,6.6
